gene_name,uniprot,hgnc_symbol,ensembl
IPCEF1,Q8WWN9,IPCEF1,
IZUMO1R,A6ND01,IZUMO1R,
SOSTDC1,Q6X4U4,SOSTDC1,
UBA1,P22314,UBA1,
PCSK5,Q92824,PCSK5,
PRKAR1B,P31321,PRKAR1B,
LDB3,O75112,LDB3,
WNT3,P56703,WNT3,
PPARA,Q07869,PPARA,
NGLY1,Q96IV0,NGLY1,
ATG14,Q6ZNE5,ATG14,
PEX6,Q13608,PEX6,
ATXN3,P54252,ATXN3,
EDAR,Q9UNE0,EDAR,
RAB17,Q9H0T7,RAB17,
GAA,P10253,GAA,
CTNNA3,Q9UI47,CTNNA3,
DHX9,Q08211,DHX9,
SIRPB1,O00241,SIRPB1,
INS,P01308,INS,
F13A1,P00488,F13A1,
MED17,Q9NVC6,MED17,
SCGB1A1,P11684,SCGB1A1,
YWHAG,P61981,YWHAG,
CD8B,P10966,CD8B,
MC1R,Q01726,MC1R,
IL4R,P24394,IL4R,
CCR4,P51679,CCR4,
PIN4,Q9Y237,PIN4,
SMPD1,P17405,SMPD1,
DTX3L,Q8TDB6,DTX3L,
HEXA,P06865,HEXA,
DAPK2,Q9UIK4,DAPK2,
VASP,P50552,VASP,
MARS,P56192,MARS,
HRH1,P35367,HRH1,
IGLC1,P0CG04,IGLC1,
RAB11B,Q15907,RAB11B,
RUBCN,Q92622,RUBCN,
ENTPD6,O75354,ENTPD6,
CCL7,P80098,CCL7,
GLP1R,P43220,GLP1R,
JAK1,P23458,JAK1,
LGALS9,O00182,LGALS9,
NDUFA7,O95182,NDUFA7,
DDOST,P39656,DDOST,
BGN,P21810,BGN,
MVP,Q14764,MVP,
AMY2A,P04746,AMY2A,
TPI1,P60174,TPI1,
GZMB,P10144,GZMB,
PLXNB3,Q9ULL4,PLXNB3,
EPB41L5,Q9HCM4,EPB41L5,
EPHB1,P54762,EPHB1,
LRRC4C,Q9HCJ2,LRRC4C,
F11,P03951,F11,
ANXA9,O76027,ANXA9,
ERAS,Q7Z444,ERAS,
IL6,P05231,IL6,
TWSG1,Q9GZX9,TWSG1,
MBL2,P11226,MBL2,
LRRC32,Q14392,LRRC32,
AGPS,O00116,AGPS,
ATP2B4,P23634,ATP2B4,
SELENOT,P62341,SELENOT,
PNPLA2,Q96AD5,PNPLA2,
DDX56,Q9NY93,DDX56,
PKD1L3,Q7Z443,PKD1L3,
TLR8,Q9NR97,TLR8,
BECN1,Q14457,BECN1,
PTPN5,P54829,PTPN5,
PLD3,Q8IV08,PLD3,
ITGA7,Q13683,ITGA7,
RHOH,Q15669,RHOH,
PLOD1,Q02809,PLOD1,
UXS1,Q8NBZ7,UXS1,
FKBP1B,P68106,FKBP1B,
UST,Q9Y2C2,UST,
RXYLT1,Q9Y2B1,RXYLT1,
ZDHHC9,Q9Y397,ZDHHC9,
SOCS1,O15524,SOCS1,
NDUFV3,P56181,NDUFV3,
HSD17B7,P56937,HSD17B7,
RPN2,P04844,RPN2,
SLC7A5,Q01650,SLC7A5,
TBC1D20,Q96BZ9,TBC1D20,
ALKAL2,Q6UX46,ALKAL2,
CSNK1A1,P48729,CSNK1A1,
RGS20,O76081,RGS20,
ANKRD27,Q96NW4,ANKRD27,
KCNAB2,Q13303,KCNAB2,
LYPD3,O95274,LYPD3,
DEFB4A,O15263,DEFB4A,
SLC26A9,Q7LBE3,SLC26A9,
DEFB103B,P81534,DEFB103B,
IL1RAPL1,Q9NZN1,IL1RAPL1,
EDC3,Q96F86,EDC3,
NDUFS1,P28331,NDUFS1,
CDC42EP1,Q00587,CDC42EP1,
RASD2,Q96D21,RASD2,
NRG3,P56975,NRG3,
ALG1,Q9BT22,ALG1,
CLDN6,P56747,CLDN6,
IL17RB,Q9NRM6,IL17RB,
TUBA1B,P68363,TUBA1B,
ADAR,P55265,ADAR,
CAMSAP3,Q9P1Y5,CAMSAP3,
MAN1B1,Q9UKM7,MAN1B1,
ADGRL3,Q9HAR2,ADGRL3,
DISC1,Q9NRI5,DISC1,
CEACAM1,P13688,CEACAM1,
CHMP6,Q96FZ7,CHMP6,
BDKRB1,P46663,BDKRB1,
CD1D,P15813,CD1D,
DYNLRB1,Q9NP97,DYNLRB1,
A2M,P01023,A2M,
RGMB,Q6NW40,RGMB,
KIF5A,Q12840,KIF5A,
PDE1A,P54750,PDE1A,
ACOX3,O15254,ACOX3,
CAPNS2,Q96L46,CAPNS2,
CMTM5,Q96DZ9,CMTM5,
TMBIM6,P55061,TMBIM6,
CYP2C9,P11712,CYP2C9,
CAMKV,Q8NCB2,CAMKV,
MBIP,Q9NS73,MBIP,
DDX17,Q92841,DDX17,
FN1,P02751,FN1,
CHST15,Q7LFX5,CHST15,
RAB5C,P51148,RAB5C,
WNK4,Q96J92,WNK4,
ADAM17,P78536,ADAM17,
CHRM3,P20309,CHRM3,
MYOT,Q9UBF9,MYOT,
ALS2,Q96Q42,ALS2,
DAD1,P61803,DAD1,
KIF16B,Q96L93,KIF16B,
CLDN8,P56748,CLDN8,
LIN7A,O14910,LIN7A,
HTR3C,Q8WXA8,HTR3C,
COL1A2,P08123,COL1A2,
NEU3,Q9UQ49,NEU3,
FGF20,Q9NP95,FGF20,
LIN7C,Q9NUP9,LIN7C,
FEN1,P39748,FEN1,
ADORA2B,P29275,ADORA2B,
PAFAH1B3,Q15102,PAFAH1B3,
CYB561D2,O14569,CYB561D2,
LARGE2,Q8N3Y3,LARGE2,
CCL26,Q9Y258,CCL26,
SHH,Q15465,SHH,
DDX19B,Q9UMR2,DDX19B,
ASS1,P00966,ASS1,
RASAL3,Q86YV0,RASAL3,
DDX50,Q9BQ39,DDX50,
PCDHA5,Q9Y5H7,PCDHA5,
SPARCL1,Q14515,SPARCL1,
UQCRFS1,P47985,UQCRFS1,
TRPV3,Q8NET8,TRPV3,
EDEM3,Q9BZQ6,EDEM3,
SCN4A,P35499,SCN4A,
PPP1R15A,O75807,PPP1R15A,
PLA2G12A,Q9BZM1,PLA2G12A,
TNKS,O95271,TNKS,
KIF11,P52732,KIF11,
MMP12,P39900,MMP12,
RHBDD1,Q8TEB9,RHBDD1,
NF2,P35240,NF2,
KCNJ9,Q92806,KCNJ9,
FADS1,O60427,FADS1,
CD70,P32970,CD70,
HIP1,O00291,HIP1,
DDX20,Q9UHI6,DDX20,
RNF150,Q9ULK6,RNF150,
ATG12,O94817,ATG12,
SRPX2,O60687,SRPX2,
FAM20A,Q96MK3,FAM20A,
SCN2A,Q99250,SCN2A,
CNR1,P21554,CNR1,
GADD45A,P24522,GADD45A,
ZDHHC4,Q9NPG8,ZDHHC4,
MYO10,Q9HD67,MYO10,
TAOK2,Q9UL54,TAOK2,
NCAPH,Q15003,NCAPH,
NPR3,P17342,NPR3,
CXCL16,Q9H2A7,CXCL16,
DEPDC5,O75140,DEPDC5,
POMK,Q9H5K3,POMK,
IGSF1,Q8N6C5,IGSF1,
FZD9,O00144,FZD9,
CNTNAP2,Q9UHC6,CNTNAP2,
DCTN2,Q13561,DCTN2,
ACLY,P53396,ACLY,
CCL11,P51671,CCL11,
UNC5D,Q6UXZ4,UNC5D,
ALKAL1,Q6UXT8,ALKAL1,
CDK5RAP3,Q96JB5,CDK5RAP3,
OPRL1,P41146,OPRL1,
MEP1A,Q16819,MEP1A,
GLYCTK,Q8IVS8,GLYCTK,
CXCR1,P25024,CXCR1,
ROBO3,Q96MS0,ROBO3,
SLC25A4,P12235,SLC25A4,
MYOM1,P52179,MYOM1,
PORCN,Q9H237,PORCN,
KCNA2,P16389,KCNA2,
DST,Q03001,DST,
PILRB,Q9UKJ0,PILRB,
APOBEC1,P41238,APOBEC1,
TRPA1,O75762,TRPA1,
CCR10,P46092,CCR10,
KIF26B,Q2KJY2,KIF26B,
HSD17B12,Q53GQ0,HSD17B12,
CTGF,P29279,CTGF,
ALCAM,Q13740,ALCAM,
SLC12A4,Q9UP95,SLC12A4,
RIPOR2,Q9Y4F9,RIPOR2,
TEC,P42680,TEC,
RAN,P62826,RAN,
LAMC3,Q9Y6N6,LAMC3,
B4GALT2,O60909,B4GALT2,
ARHGEF7,Q14155,ARHGEF7,
DPYSL3,Q14195,DPYSL3,
GNG10,P50151,GNG10,
TLR5,O60602,TLR5,
LILRB2,Q8N423,LILRB2,
CASK,O14936,CASK,
CLASP2,O75122,CLASP2,
PDCD1LG2,Q9BQ51,PDCD1LG2,
SDHB,P21912,SDHB,
MARC1,Q5VT66,MARC1,
TFPI,P10646,TFPI,
CLDN2,P57739,CLDN2,
HTR3E,A5X5Y0,HTR3E,
WWP2,O00308,WWP2,
SLC2A3,P11169,SLC2A3,
ADAMTS6,Q9UKP5,ADAMTS6,
RNF144B,Q7Z419,RNF144B,
VIPR1,P32241,VIPR1,
SEC23B,Q15437,SEC23B,
CCL4L1,Q8NHW4,CCL4L1,
MYO15A,Q9UKN7,MYO15A,
ROM1,Q03395,ROM1,
THBS3,P49746,THBS3,
PARP9,Q8IXQ6,PARP9,
DGKE,P52429,DGKE,
NCAM2,O15394,NCAM2,
ABCB1,P08183,ABCB1,
APOA2,P02652,APOA2,
CKM,P06732,CKM,
SPTLC2,O15270,SPTLC2,
PTPRB,P23467,PTPRB,
MIP,P30301,MIP,
CR1,P17927,CR1,
F2RL1,P55085,F2RL1,
LRRC8A,Q8IWT6,LRRC8A,
KIF2C,Q99661,KIF2C,
CMTM3,Q96MX0,CMTM3,
CHAD,O15335,CHAD,
IL11RA,Q14626,IL11RA,
GNGT1,P63211,GNGT1,
ELN,P15502,ELN,
APLNR,P35414,APLNR,
MADD,Q8WXG6,MADD,
WNK2,Q9Y3S1,WNK2,
DNAJC1,Q96KC8,DNAJC1,
C1S,P09871,C1S,
FLT4,P35916,FLT4,
NGF,P01138,NGF,
CYB5A,P00167,CYB5A,
DRG1,Q9Y295,DRG1,
GPSM1,Q86YR5,GPSM1,
DRD2,P14416,DRD2,
CYP11B1,P15538,CYP11B1,
CDK16,Q00536,CDK16,
P4HA1,P13674,P4HA1,
CDK5,Q00535,CDK5,
XCL2,Q9UBD3,XCL2,
MR1,Q95460,MR1,
CBL,P22681,CBL,
GPHN,Q9NQX3,GPHN,
EEF1AKMT4,P0DPD7,EEF1AKMT4,
UGGT2,Q9NYU1,UGGT2,
CD79B,P40259,CD79B,
KCNA5,P22460,KCNA5,
MSH3,P20585,MSH3,
HAS1,Q92839,HAS1,
GOLGA2,Q08379,GOLGA2,
GLB1,P16278,GLB1,
PTN,P21246,PTN,
ADRM1,Q16186,ADRM1,
DNAJC19,Q96DA6,DNAJC19,
HLA-F,P30511,HLA-F,
ACVR2B,Q13705,ACVR2B,
CCL14,Q16627,CCL14,
WFDC1,Q9HC57,WFDC1,
LAMB2,P55268,LAMB2,
HTR2C,P28335,HTR2C,
G6PC,P35575,G6PC,
IL3,P08700,IL3,
FOXJ1,Q92949,FOXJ1,
RNF103,O00237,RNF103,
TSC2,P49815,TSC2,
ITGAV,P06756,ITGAV,
SERPINE1,P05121,SERPINE1,
TNFSF13,O75888,TNFSF13,
UQCRH,P07919,UQCRH,
ADAM8,P78325,ADAM8,
CYBA,P13498,CYBA,
NTRK2,Q16620,NTRK2,
MMP16,P51512,MMP16,
CNOT2,Q9NZN8,CNOT2,
ENPP1,P22413,ENPP1,
ATP5MG,O75964,ATP5MG,
GPAA1,O43292,GPAA1,
GRIK2,Q13002,GRIK2,
WNT10A,Q9GZT5,WNT10A,
LAT,O43561,LAT,
SZT2,Q5T011,SZT2,
RGS8,P57771,RGS8,
IL1RL1,Q01638,IL1RL1,
NTF4,P34130,NTF4,
GNRH1,P01148,GNRH1,
FGR,P09769,FGR,
TEX14,Q8IWB6,TEX14,
ACPP,P15309,ACPP,
RRH,O14718,RRH,
AMH,P03971,AMH,
KIR2DL2,P43627,KIR2DL2,
CDC42EP2,O14613,CDC42EP2,
FSHB,P01225,FSHB,
PAK4,O96013,PAK4,
RIPK4,P57078,RIPK4,
ADCK5,Q3MIX3,ADCK5,
DLST,P36957,DLST,
FGFR3,P22607,FGFR3,
AJUBA,Q96IF1,AJUBA,
CDC42SE1,Q9NRR8,CDC42SE1,
OLFML2A,Q68BL7,OLFML2A,
INHBC,P55103,INHBC,
HTR1A,P08908,HTR1A,
BRCA2,P51587,BRCA2,
LRFN5,Q96NI6,LRFN5,
SFTPA1,Q8IWL2,SFTPA1,
VMA21,Q3ZAQ7,VMA21,
PRSS3,P35030,PRSS3,
HACD3,Q9P035,HACD3,
GPR146,Q96CH1,GPR146,
LEFTY2,O00292,LEFTY2,
RRAS,P10301,RRAS,
ZDHHC17,Q8IUH5,ZDHHC17,
DDX39A,O00148,DDX39A,
ITPR3,Q14573,ITPR3,
TBC1D10C,Q8IV04,TBC1D10C,
PRKD2,Q9BZL6,PRKD2,
SOD1,P00441,SOD1,
SDHA,P31040,SDHA,
NDUFV1,P49821,NDUFV1,
SMPD3,Q9NY59,SMPD3,
TMPRSS6,Q8IU80,TMPRSS6,
FAN1,Q9Y2M0,FAN1,
CERS6,Q6ZMG9,CERS6,
CST3,P01034,CST3,
CALCRL,Q16602,CALCRL,
TBC1D3F,A6NER0,TBC1D3F,
CALR,P27797,CALR,
FCER1A,P12319,FCER1A,
GNRHR,P30968,GNRHR,
RND3,P61587,RND3,
FGF1,P05230,FGF1,
PLOD2,O00469,PLOD2,
RANGAP1,P46060,RANGAP1,
DSTYK,Q6XUX3,DSTYK,
GABRR2,P28476,GABRR2,
ADIPOR1,Q96A54,ADIPOR1,
TMPRSS15,P98073,TMPRSS15,
LTC4S,Q16873,LTC4S,
RAB6A,P20340,RAB6A,
DAB1,O75553,DAB1,
ADA2,Q9NZK5,ADA2,
SAA2,P0DJI9,SAA2,
DIRAS3,O95661,DIRAS3,
FAT1,Q14517,FAT1,
GALP,Q9UBC7,GALP,
TMX1,Q9H3N1,TMX1,
LHCGR,P22888,LHCGR,
VEGFD,O43915,VEGFD,
SELPLG,Q14242,SELPLG,
GNG5,P63218,GNG5,
CYC1,P08574,CYC1,
EREG,O14944,EREG,
CD40,P25942,CD40,
COL11A2,P13942,COL11A2,
NTM,Q9P121,NTM,
NDUFB9,Q9Y6M9,NDUFB9,
PHLDB2,Q86SQ0,PHLDB2,
ATP5F1A,P25705,ATP5F1A,
CPXM1,Q96SM3,CPXM1,
SMAP1,Q8IYB5,SMAP1,
FIS1,Q9Y3D6,FIS1,
CEACAM7,Q14002,CEACAM7,
PCSK2,P16519,PCSK2,
ABI3BP,Q7Z7G0,ABI3BP,
ITGB1BP1,O14713,ITGB1BP1,
CDH10,Q9Y6N8,CDH10,
AGPAT3,Q9NRZ7,AGPAT3,
CYTIP,O60759,CYTIP,
PRPH,P41219,PRPH,
CCL13,Q99616,CCL13,
TNFRSF13B,O14836,TNFRSF13B,
MARK2,Q7KZI7,MARK2,
PLA2G16,P53816,PLA2G16,
FMN1,Q68DA7,FMN1,
MAGI2,Q86UL8,MAGI2,
ATP5F1B,P06576,ATP5F1B,
NPNT,Q6UXI9,NPNT,
ATP5PF,P18859,ATP5PF,
CDH3,P22223,CDH3,
IRS1,P35568,IRS1,
ANGPT1,Q15389,ANGPT1,
NGEF,Q8N5V2,NGEF,
PDZD2,O15018,PDZD2,
ARVCF,O00192,ARVCF,
MUSK,O15146,MUSK,
MFAP5,Q13361,MFAP5,
PRKACA,P17612,PRKACA,
CLEC14A,Q86T13,CLEC14A,
USP19,O94966,USP19,
MAPK15,Q8TD08,MAPK15,
CDH15,P55291,CDH15,
ELMO2,Q96JJ3,ELMO2,
PIK3R4,Q99570,PIK3R4,
SLC41A3,Q96GZ6,SLC41A3,
CLCN1,P35523,CLCN1,
CSNK1D,P48730,CSNK1D,
HERC1,Q15751,HERC1,
AXL,P30530,AXL,
P4HTM,Q9NXG6,P4HTM,
FGF6,P10767,FGF6,
ADAMTS7,Q9UKP4,ADAMTS7,
RAC1,P63000,RAC1,
RHOJ,Q9H4E5,RHOJ,
IL12RB1,P42701,IL12RB1,
LOXL4,Q96JB6,LOXL4,
DNAJB2,P25686,DNAJB2,
MDH2,P40926,MDH2,
GRIN2A,Q12879,GRIN2A,
NOS3,P29474,NOS3,
ATP13A2,Q9NQ11,ATP13A2,
AP3B1,O00203,AP3B1,
TECR,Q9NZ01,TECR,
MARCH6,O60337,MARCH6,
RPSA,P08865,RPSA,
GTPBP4,Q9BZE4,GTPBP4,
ADGRA3,Q8IWK6,ADGRA3,
MEST,Q5EB52,MEST,
GYG1,P46976,GYG1,
LACRT,Q9GZZ8,LACRT,
UNC5C,O95185,UNC5C,
LANCL2,Q9NS86,LANCL2,
RNF19B,Q6ZMZ0,RNF19B,
GNAI1,P63096,GNAI1,
NOG,Q13253,NOG,
CYR61,O00622,CYR61,
PIKFYVE,Q9Y2I7,PIKFYVE,
CLEC4G,Q6UXB4,CLEC4G,
RGS1,Q08116,RGS1,
KDM6A,O15550,KDM6A,
HTR4,Q13639,HTR4,
HMOX1,P09601,HMOX1,
POLR3A,O14802,POLR3A,
ERP44,Q9BS26,ERP44,
DRD4,P21917,DRD4,
TGFBR2,P37173,TGFBR2,
ERP29,P30040,ERP29,
ADGRV1,Q8WXG9,ADGRV1,
GLCE,O94923,GLCE,
SLC6A5,Q9Y345,SLC6A5,
BMP15,O95972,BMP15,
HACD2,Q6Y1H2,HACD2,
HNRNPA2B1,P22626,HNRNPA2B1,
PTH,P01270,PTH,
RAP1A,P62834,RAP1A,
CGB5,P0DN86,CGB5,
BICD1,Q96G01,BICD1,
SLC7A11,Q9UPY5,SLC7A11,
MLH1,P40692,MLH1,
SLC7A6,Q92536,SLC7A6,
SPPL2A,Q8TCT8,SPPL2A,
SOX9,P48436,SOX9,
ICOS,Q9Y6W8,ICOS,
PDGFC,Q9NRA1,PDGFC,
CEACAM3,P40198,CEACAM3,
SEMA6A,Q9H2E6,SEMA6A,
KRIT1,O00522,KRIT1,
TRPV2,Q9Y5S1,TRPV2,
MAPK7,Q13164,MAPK7,
MBTPS1,Q14703,MBTPS1,
FNDC3A,Q9Y2H6,FNDC3A,
GRM4,Q14833,GRM4,
ARHGAP33,O14559,ARHGAP33,
SIRPA,P78324,SIRPA,
HSP90B1,P14625,HSP90B1,
RPS27A,P62979,RPS27A,
EPHB3,P54753,EPHB3,
SLC39A6,Q13433,SLC39A6,
CCR9,P51686,CCR9,
EFEMP2,O95967,EFEMP2,
WASHC1,A8K0Z3,WASHC1,
IFI6,P09912,IFI6,
KLRB1,Q12918,KLRB1,
NECTIN1,Q15223,NECTIN1,
KCNA3,P22001,KCNA3,
PRKAR2A,P13861,PRKAR2A,
LRP5,O75197,LRP5,
ATP5F1C,P36542,ATP5F1C,
CHD7,Q9P2D1,CHD7,
NEDD9,Q14511,NEDD9,
RAB5A,P20339,RAB5A,
HLA-G,P17693,HLA-G,
RNF185,Q96GF1,RNF185,
AMELX,Q99217,AMELX,
ACKR3,P25106,ACKR3,
PARP1,P09874,PARP1,
ALDH18A1,P54886,ALDH18A1,
CARD11,Q9BXL7,CARD11,
TIMM50,Q3ZCQ8,TIMM50,
RS1,O15537,RS1,
CAMK2N1,Q7Z7J9,CAMK2N1,
HNRNPU,Q00839,HNRNPU,
ARSE,P51690,ARSE,
CDON,Q4KMG0,CDON,
NPHP4,O75161,NPHP4,
NEK10,Q6ZWH5,NEK10,
SEMA5A,Q13591,SEMA5A,
HRG,P04196,HRG,
VAT1,Q99536,VAT1,
LAMTOR3,Q9UHA4,LAMTOR3,
PPFIA2,O75334,PPFIA2,
IFNGR1,P15260,IFNGR1,
EXT1,Q16394,EXT1,
TACSTD2,P09758,TACSTD2,
CDH24,Q86UP0,CDH24,
HRAS,P01112,HRAS,
PTPRK,Q15262,PTPRK,
GNAQ,P50148,GNAQ,
LLGL1,Q15334,LLGL1,
SIRT2,Q8IXJ6,SIRT2,
RARA,P10276,RARA,
GRIK5,Q16478,GRIK5,
RAG1,P15918,RAG1,
RNF141,Q8WVD5,RNF141,
AKAP13,Q12802,AKAP13,
ACP1,P24666,ACP1,
PCDHA8,Q9Y5H6,PCDHA8,
PRKD3,O94806,PRKD3,
DSP,P15924,DSP,
CXCL13,O43927,CXCL13,
TGFB1,P01137,TGFB1,
CD58,P19256,CD58,
MAOB,P27338,MAOB,
KLRC3,Q07444,KLRC3,
CACNB2,Q08289,CACNB2,
SLC9A1,P19634,SLC9A1,
SLC20A2,Q08357,SLC20A2,
ZDHHC6,Q9H6R6,ZDHHC6,
CCL27,Q9Y4X3,CCL27,
DLC1,Q96QB1,DLC1,
GINS4,Q9BRT9,GINS4,
TRPM2,O94759,TRPM2,
GFRAL,Q6UXV0,GFRAL,
SOAT1,P35610,SOAT1,
RAB39A,Q14964,RAB39A,
BIRC5,O15392,BIRC5,
CD53,P19397,CD53,
PTGDS,P41222,PTGDS,
PIGO,Q8TEQ8,PIGO,
PPIA,P62937,PPIA,
CD86,P42081,CD86,
PCYT1A,P49585,PCYT1A,
LPCAT1,Q8NF37,LPCAT1,
SLC12A9,Q9BXP2,SLC12A9,
DCAF1,Q9Y4B6,DCAF1,
HLA-A,P05534,HLA-A,
C3,P01024,C3,
KIF5B,P33176,KIF5B,
BAD,Q92934,BAD,
DUSP22,Q9NRW4,DUSP22,
SMC3,Q9UQE7,SMC3,
ZBTB16,Q05516,ZBTB16,
PDCD6,O75340,PDCD6,
SFRP1,Q8N474,SFRP1,
ALOX5AP,P20292,ALOX5AP,
SERPINB13,Q9UIV8,SERPINB13,
EBAG9,O00559,EBAG9,
SH2B1,Q9NRF2,SH2B1,
GNG2,P59768,GNG2,
INSRR,P14616,INSRR,
KCND2,Q9NZV8,KCND2,
PRDX6,P30041,PRDX6,
RAB8B,Q92930,RAB8B,
INPP5A,Q14642,INPP5A,
LSS,P48449,LSS,
RHBDF2,Q6PJF5,RHBDF2,
GNPAT,O15228,GNPAT,
ARHGAP15,Q53QZ3,ARHGAP15,
APPBP2,Q92624,APPBP2,
KLK14,Q9P0G3,KLK14,
ADCK1,Q86TW2,ADCK1,
ZC3H12A,Q5D1E8,ZC3H12A,
TCIRG1,Q13488,TCIRG1,
SH2D4A,Q9H788,SH2D4A,
DGKQ,P52824,DGKQ,
PIP4P2,Q8N4L2,PIP4P2,
CCR8,P51685,CCR8,
GRIN2B,Q13224,GRIN2B,
VCAN,P13611,VCAN,
GPHB5,Q86YW7,GPHB5,
MMP13,P45452,MMP13,
NDUFA8,P51970,NDUFA8,
PSMC1,P62191,PSMC1,
PTGS2,P35354,PTGS2,
AMOTL2,Q9Y2J4,AMOTL2,
RAB6B,Q9NRW1,RAB6B,
LY9,Q9HBG7,LY9,
PDGFRB,P09619,PDGFRB,
UCHL1,P09936,UCHL1,
NIPAL2,Q9H841,NIPAL2,
CCR5,P51681,CCR5,
DPM3,Q9P2X0,DPM3,
QTRT1,Q9BXR0,QTRT1,
UQCRB,P14927,UQCRB,
CD28,P10747,CD28,
RANBP2,P49792,RANBP2,
AANAT,Q16613,AANAT,
B3GAT3,O94766,B3GAT3,
NDUFB7,P17568,NDUFB7,
PDGFA,P04085,PDGFA,
AMIGO3,Q86WK7,AMIGO3,
IGFALS,P35858,IGFALS,
JMJD6,Q6NYC1,JMJD6,
TOR3A,Q9H497,TOR3A,
LOXL2,Q9Y4K0,LOXL2,
PLTP,P55058,PLTP,
RASGRP4,Q8TDF6,RASGRP4,
GNAS,O95467,GNAS,
GPIHBP1,Q8IV16,GPIHBP1,
S100A8,P05109,S100A8,
CNGA1,P29973,CNGA1,
AQP4,P55087,AQP4,
ENTPD5,O75356,ENTPD5,
FFAR2,O15552,FFAR2,
SLC4A3,P48751,SLC4A3,
ARL2,P36404,ARL2,
CCL22,O00626,CCL22,
MAP3K7,O43318,MAP3K7,
RAB1A,P62820,RAB1A,
SDCBP,O00560,SDCBP,
MADCAM1,Q13477,MADCAM1,
GJA8,P48165,GJA8,
ERBB3,P21860,ERBB3,
ITGA6,P23229,ITGA6,
RAB14,P61106,RAB14,
ARHGEF2,Q92974,ARHGEF2,
ITGA4,P13612,ITGA4,
MYOC,Q99972,MYOC,
POLR2M,P0CAP2,POLR2M,
DDX47,Q9H0S4,DDX47,
GP1BB,P13224,GP1BB,
SLC4A1,P02730,SLC4A1,
KLKB1,P03952,KLKB1,
ATL3,Q6DD88,ATL3,
PCDH18,Q9HCL0,PCDH18,
TAC3,Q9UHF0,TAC3,
CLDN5,O00501,CLDN5,
SRF,P11831,SRF,
ENO3,P13929,ENO3,
NOX1,Q9Y5S8,NOX1,
RAB3D,O95716,RAB3D,
F9,P00740,F9,
GJC1,P36383,GJC1,
CHRFAM7A,Q494W8,CHRFAM7A,
PFKP,Q01813,PFKP,
HSD17B11,Q8NBQ5,HSD17B11,
MTMR2,Q13614,MTMR2,
NUP50,Q9UKX7,NUP50,
PLPP3,O14495,PLPP3,
HAVCR2,Q8TDQ0,HAVCR2,
PRKACB,P22694,PRKACB,
DMBT1,Q9UGM3,DMBT1,
CAMK2G,Q13555,CAMK2G,
CTSK,P43235,CTSK,
FBLN5,Q9UBX5,FBLN5,
PPP2R1A,P30153,PPP2R1A,
CACNA1D,Q01668,CACNA1D,
SORCS2,Q96PQ0,SORCS2,
EIF4A3,P38919,EIF4A3,
PRKG2,Q13237,PRKG2,
SEMA7A,O75326,SEMA7A,
CSF3,P09919,CSF3,
S100A10,P60903,S100A10,
AZU1,P20160,AZU1,
RYK,P34925,RYK,
ICMT,O60725,ICMT,
FAM107A,O95990,FAM107A,
ANGPTL1,O95841,ANGPTL1,
COL9A2,Q14055,COL9A2,
TBC1D3B,A6NDS4,TBC1D3B,
BCR,P11274,BCR,
FGF2,P09038,FGF2,
MT-ND4L,P03901,MT-ND4L,
ALG12,Q9BV10,ALG12,
CEBPB,P17676,CEBPB,
IFNG,P01579,IFNG,
HTRA1,Q92743,HTRA1,
RNASE1,P07998,RNASE1,
CXCL17,Q6UXB2,CXCL17,
NAA10,P41227,NAA10,
DUSP3,P51452,DUSP3,
GEM,P55040,GEM,
BMP2,P12643,BMP2,
NPRL3,Q12980,NPRL3,
SIGIRR,Q6IA17,SIGIRR,
SPINK7,P58062,SPINK7,
GUSB,P08236,GUSB,
MFSD2A,Q8NA29,MFSD2A,
KY,Q8NBH2,KY,
PLCB3,Q01970,PLCB3,
TOR1AIP2,Q8NFQ8,TOR1AIP2,
TLR4,O00206,TLR4,
FZD3,Q9NPG1,FZD3,
EPHB4,P54760,EPHB4,
NRTN,Q99748,NRTN,
ARHGAP32,A7KAX9,ARHGAP32,
SEMA3D,O95025,SEMA3D,
CSF2RB,P32927,CSF2RB,
CYFIP2,Q96F07,CYFIP2,
MSH2,P43246,MSH2,
VPS4B,O75351,VPS4B,
CGB7,P0DN87,CGB7,
CERS2,Q96G23,CERS2,
PHKB,Q93100,PHKB,
PTPRM,P28827,PTPRM,
AFG3L2,Q9Y4W6,AFG3L2,
CDC42BPB,Q9Y5S2,CDC42BPB,
SIGLEC11,Q96RL6,SIGLEC11,
KNG1,P01042,KNG1,
TRPM7,Q96QT4,TRPM7,
APOA1,P02647,APOA1,
PPP4R2,Q9NY27,PPP4R2,
CCL17,Q92583,CCL17,
ARAP3,Q8WWN8,ARAP3,
COL4A3BP,Q9Y5P4,COL4A3BP,
PCDHA9,Q9Y5H5,PCDHA9,
ULBP1,Q9BZM6,ULBP1,
MYLK2,Q9H1R3,MYLK2,
CD38,P28907,CD38,
NDUFS5,O43920,NDUFS5,
ZFYVE28,Q9HCC9,ZFYVE28,
ADRA2A,P08913,ADRA2A,
RDH13,Q8NBN7,RDH13,
ILF2,Q12905,ILF2,
PTPN11,Q06124,PTPN11,
SPTLC3,Q9NUV7,SPTLC3,
PRKCE,Q02156,PRKCE,
CACNA1I,Q9P0X4,CACNA1I,
ECM1,Q16610,ECM1,
PDZD3,Q86UT5,PDZD3,
PIGT,Q969N2,PIGT,
HMGB2,P26583,HMGB2,
PABPC1,P11940,PABPC1,
CEACAM5,P06731,CEACAM5,
IL33,O95760,IL33,
CYB5R2,Q6BCY4,CYB5R2,
RPS3,P23396,RPS3,
FAM20C,Q8IXL6,FAM20C,
MERTK,Q12866,MERTK,
PRPH2,P23942,PRPH2,
HLA-DRA,P01903,HLA-DRA,
ACE,P12821,ACE,
JAG1,P78504,JAG1,
RALA,P11233,RALA,
SERINC3,Q13530,SERINC3,
ABCA7,Q8IZY2,ABCA7,
RFFL,Q8WZ73,RFFL,
GANAB,Q14697,GANAB,
KCNMB1,Q16558,KCNMB1,
TPO,P07202,TPO,
TYR,P14679,TYR,
GUCA1B,Q9UMX6,GUCA1B,
COQ3,Q9NZJ6,COQ3,
NDUFB6,O95139,NDUFB6,
EFNA1,P20827,EFNA1,
GJB5,O95377,GJB5,
CHRNA2,Q15822,CHRNA2,
SLC25A11,Q02978,SLC25A11,
ADM2,Q7Z4H4,ADM2,
GPAT4,Q86UL3,GPAT4,
OR2W1,Q9Y3N9,OR2W1,
MAP2K7,O14733,MAP2K7,
CNR2,P34972,CNR2,
KEAP1,Q14145,KEAP1,
DDX1,Q92499,DDX1,
IARS2,Q9NSE4,IARS2,
CANX,P27824,CANX,
ANAPC11,Q9NYG5,ANAPC11,
COL26A1,Q96A83,COL26A1,
NPY1R,P25929,NPY1R,
WNT1,P04628,WNT1,
APH1A,Q96BI3,APH1A,
PTDSS1,P48651,PTDSS1,
SLC2A1,P11166,SLC2A1,
NMS,Q5H8A3,NMS,
SLC7A7,Q9UM01,SLC7A7,
ATP1A2,P50993,ATP1A2,
RGP1,Q92546,RGP1,
MGMT,P16455,MGMT,
ALDH3A2,P51648,ALDH3A2,
BCL2L12,Q9HB09,BCL2L12,
B3GALT4,O96024,B3GALT4,
ECE1,P42892,ECE1,
CTSS,P25774,CTSS,
TBC1D8,O95759,TBC1D8,
NDUFB1,O75438,NDUFB1,
CD274,Q9NZQ7,CD274,
NUP98,P52948,NUP98,
CAMK2D,Q13557,CAMK2D,
ANGPTL6,Q8NI99,ANGPTL6,
CHP1,Q99653,CHP1,
GPR137B,O60478,GPR137B,
EMCN,Q9ULC0,EMCN,
NCK2,O43639,NCK2,
PIGY,Q3MUY2,PIGY,
NPHS1,O60500,NPHS1,
GPR35,Q9HC97,GPR35,
MYO6,Q9UM54,MYO6,
HK1,P19367,HK1,
GRIK4,Q16099,GRIK4,
BTN3A1,O00481,BTN3A1,
BAG5,Q9UL15,BAG5,
AMIGO2,Q86SJ2,AMIGO2,
C1QB,P02746,C1QB,
PCYOX1,Q9UHG3,PCYOX1,
PLEK,P08567,PLEK,
KIRREL3,Q8IZU9,KIRREL3,
IL17A,Q16552,IL17A,
EGLN3,Q9H6Z9,EGLN3,
BBS4,Q96RK4,BBS4,
ART1,P52961,ART1,
CLU,P10909,CLU,
FAM83B,Q5T0W9,FAM83B,
PTCH1,Q13635,PTCH1,
IGSF8,Q969P0,IGSF8,
GM2A,P17900,GM2A,
SLIT1,O75093,SLIT1,
SRCIN1,Q9C0H9,SRCIN1,
GMPS,P49915,GMPS,
AIDA,Q96BJ3,AIDA,
SOAT2,O75908,SOAT2,
CSNK1G2,P78368,CSNK1G2,
ABL1,P00519,ABL1,
DDR1,Q08345,DDR1,
APP,P05067,APP,
SELENBP1,Q13228,SELENBP1,
IRF2BPL,Q9H1B7,IRF2BPL,
STAT5B,P51692,STAT5B,
ACVR1B,P36896,ACVR1B,
TUBA1A,Q71U36,TUBA1A,
TNIP1,Q15025,TNIP1,
ADAMTS10,Q9H324,ADAMTS10,
EBP,Q15125,EBP,
EEF1A1,P68104,EEF1A1,
TFG,Q92734,TFG,
CCL15,Q16663,CCL15,
MPDZ,O75970,MPDZ,
ARL3,P36405,ARL3,
NPM1,P06748,NPM1,
DHX34,Q14147,DHX34,
RHOQ,P17081,RHOQ,
DCXR,Q7Z4W1,DCXR,
BMPR1B,O00238,BMPR1B,
DSE,Q9UL01,DSE,
TAC1,P20366,TAC1,
PDILT,Q8N807,PDILT,
NPPA,P01160,NPPA,
AOC1,P19801,AOC1,
NINJ2,Q9NZG7,NINJ2,
SLAMF6,Q96DU3,SLAMF6,
PTGIR,P43119,PTGIR,
EGLN2,Q96KS0,EGLN2,
CCL5,P13501,CCL5,
SOST,Q9BQB4,SOST,
BVES,Q8NE79,BVES,
ETS1,P14921,ETS1,
TRPC1,P48995,TRPC1,
ELMOD2,Q8IZ81,ELMOD2,
C2,P06681,C2,
CPNE1,Q99829,CPNE1,
PHACTR2,O75167,PHACTR2,
PRPF8,Q6P2Q9,PRPF8,
G3BP1,Q13283,G3BP1,
CYP4F2,P78329,CYP4F2,
ADCK2,Q7Z695,ADCK2,
TESK2,Q96S53,TESK2,
GNA12,Q03113,GNA12,
TREM1,Q9NP99,TREM1,
CHAT,P28329,CHAT,
NMU,P48645,NMU,
CYSLTR2,Q9NS75,CYSLTR2,
RAP2A,P10114,RAP2A,
KIR2DS2,P43631,KIR2DS2,
CYP2E1,P05181,CYP2E1,
ADAMTS4,O75173,ADAMTS4,
BCL2L10,Q9HD36,BCL2L10,
MMP10,P09238,MMP10,
CTLA4,P16410,CTLA4,
ATP5ME,P56385,ATP5ME,
SLC6A4,P31645,SLC6A4,
ATF7IP,Q6VMQ6,ATF7IP,
ADAM28,Q9UKQ2,ADAM28,
HTR1D,P28221,HTR1D,
CNTNAP1,P78357,CNTNAP1,
ROBO2,Q9HCK4,ROBO2,
APOD,P05090,APOD,
ITGA11,Q9UKX5,ITGA11,
PROKR1,Q8TCW9,PROKR1,
MUC12,Q9UKN1,MUC12,
ACTG1,P63261,ACTG1,
ABI2,Q9NYB9,ABI2,
TNK2,Q07912,TNK2,
MAS1,P04201,MAS1,
PDC,P20941,PDC,
CCR3,P51677,CCR3,
RGMA,Q96B86,RGMA,
GZMH,P20718,GZMH,
PRSS16,Q9NQE7,PRSS16,
HSPA8,P11142,HSPA8,
APC,P25054,APC,
CCT2,P78371,CCT2,
IGF2R,P11717,IGF2R,
ADTRP,Q96IZ2,ADTRP,
ATL1,Q8WXF7,ATL1,
RHOG,P84095,RHOG,
MME,P08473,MME,
DOCK4,Q8N1I0,DOCK4,
DTNBP1,Q96EV8,DTNBP1,
TLR2,O60603,TLR2,
HSPBAP1,Q96EW2,HSPBAP1,
MPL,P40238,MPL,
PI4K2B,Q8TCG2,PI4K2B,
DCT,P40126,DCT,
CSRP1,P21291,CSRP1,
PTGIS,Q16647,PTGIS,
HELZ,P42694,HELZ,
NAT14,Q8WUY8,NAT14,
CCR7,P32248,CCR7,
ITGA5,P08648,ITGA5,
STK26,Q9P289,STK26,
SLC9A6,Q92581,SLC9A6,
PHKA2,P46019,PHKA2,
TINAGL1,Q9GZM7,TINAGL1,
ITGA3,P26006,ITGA3,
MARCH5,Q9NX47,MARCH5,
CCL1,P22362,CCL1,
CTNNA1,P35221,CTNNA1,
HTR2B,P41595,HTR2B,
ABHD14A,Q9BUJ0,ABHD14A,
NRP2,O60462,NRP2,
DPEP3,Q9H4B8,DPEP3,
RUNX1,Q01196,RUNX1,
MAP2K1,Q02750,MAP2K1,
LY96,Q9Y6Y9,LY96,
SELL,P14151,SELL,
ITIH3,Q06033,ITIH3,
PTK7,Q13308,PTK7,
LIN7B,Q9HAP6,LIN7B,
GP1BA,P07359,GP1BA,
CNOT7,Q9UIV1,CNOT7,
GRIA3,P42263,GRIA3,
CIT,O14578,CIT,
MET,P08581,MET,
PDCD6IP,Q8WUM4,PDCD6IP,
MGST3,O14880,MGST3,
ITGA2,P17301,ITGA2,
SOX2,P48431,SOX2,
AIMP2,Q13155,AIMP2,
RAMP3,O60896,RAMP3,
PLEKHA7,Q6IQ23,PLEKHA7,
KIR3DL1,P43629,KIR3DL1,
DAGLB,Q8NCG7,DAGLB,
FGF13,Q92913,FGF13,
SFRP4,Q6FHJ7,SFRP4,
PNPLA6,Q8IY17,PNPLA6,
AGT,P01019,AGT,
IL25,Q9H293,IL25,
TMTC1,Q8IUR5,TMTC1,
CLDN18,P56856,CLDN18,
GABRG2,P18507,GABRG2,
NCF4,Q15080,NCF4,
SSTR3,P32745,SSTR3,
YWHAB,P31946,YWHAB,
GZMM,P51124,GZMM,
ELOVL1,Q9BW60,ELOVL1,
PAFAH1B1,P43034,PAFAH1B1,
CES1,P23141,CES1,
IL9R,Q01113,IL9R,
IL17RC,Q8NAC3,IL17RC,
PIGK,Q92643,PIGK,
HSD3B7,Q9H2F3,HSD3B7,
ACTB,P60709,ACTB,
SYNJ2,O15056,SYNJ2,
PLXNA4,Q9HCM2,PLXNA4,
ATP2A2,P16615,ATP2A2,
SDC2,P34741,SDC2,
AGTR1,P30556,AGTR1,
SART1,O43290,SART1,
MARCH7,Q9H992,MARCH7,
IL6ST,P40189,IL6ST,
AGR2,O95994,AGR2,
PTPRT,O14522,PTPRT,
PTPRO,Q16827,PTPRO,
GNB3,P16520,GNB3,
HBB,P68871,HBB,
ITGB8,P26012,ITGB8,
TNXB,P22105,TNXB,
FADD,Q13158,FADD,
ACVR2A,P27037,ACVR2A,
HMGB1,P09429,HMGB1,
MBP,P02686,MBP,
EPHA2,P29317,EPHA2,
MAP3K13,O43283,MAP3K13,
UGT1A4,P22310,UGT1A4,
KLRD1,Q13241,KLRD1,
SCG5,P05408,SCG5,
ICAM1,P05362,ICAM1,
TRPV5,Q9NQA5,TRPV5,
CD93,Q9NPY3,CD93,
DYNC1H1,Q14204,DYNC1H1,
PIWIL4,Q7Z3Z4,PIWIL4,
OGT,O15294,OGT,
CYTH3,O43739,CYTH3,
UNC119,Q13432,UNC119,
S1PR3,Q99500,S1PR3,
AGK,Q53H12,AGK,
KCNK1,O00180,KCNK1,
RADIL,Q96JH8,RADIL,
CFD,P00746,CFD,
ARRB2,P32121,ARRB2,
PVR,P15151,PVR,
POFUT1,Q9H488,POFUT1,
SND1,Q7KZF4,SND1,
PSPN,O60542,PSPN,
SLK,Q9H2G2,SLK,
JUP,P14923,JUP,
RAB9A,P51151,RAB9A,
IGHE,P01854,IGHE,
DLK1,P80370,DLK1,
CXCR4,P61073,CXCR4,
COQ8A,Q8NI60,COQ8A,
NAA15,Q9BXJ9,NAA15,
MSMO1,Q15800,MSMO1,
ACER1,Q8TDN7,ACER1,
NMUR2,Q9GZQ4,NMUR2,
IL1R2,P27930,IL1R2,
NTS,P30990,NTS,
FURIN,P09958,FURIN,
CRH,P06850,CRH,
FGF21,Q9NSA1,FGF21,
MYF5,P13349,MYF5,
TNFSF9,P41273,TNFSF9,
GNB5,O14775,GNB5,
DNER,Q8NFT8,DNER,
RP2,O75695,RP2,
MELK,Q14680,MELK,
CRTAM,O95727,CRTAM,
GXYLT1,Q4G148,GXYLT1,
GRIN3A,Q8TCU5,GRIN3A,
IL2RB,P14784,IL2RB,
VHL,P40337,VHL,
IL22RA2,Q969J5,IL22RA2,
RHOU,Q7L0Q8,RHOU,
NLRP10,Q86W26,NLRP10,
TNFSF14,O43557,TNFSF14,
SERPING1,P05155,SERPING1,
ST14,Q9Y5Y6,ST14,
TNFRSF1B,P20333,TNFRSF1B,
APCDD1,Q8J025,APCDD1,
CDH5,P33151,CDH5,
UCN3,Q969E3,UCN3,
DUOX1,Q9NRD9,DUOX1,
KLRK1,P26718,KLRK1,
CNTN4,Q8IWV2,CNTN4,
FGFRL1,Q8N441,FGFRL1,
PLBD1,Q6P4A8,PLBD1,
CHRNB4,P30926,CHRNB4,
B3GNT2,Q9NY97,B3GNT2,
NAGA,P17050,NAGA,
MYO9B,Q13459,MYO9B,
PTGER3,P43115,PTGER3,
EPPIN,O95925,EPPIN,
CXCR3,P49682,CXCR3,
NRBP1,Q9UHY1,NRBP1,
ABCF3,Q9NUQ8,ABCF3,
LAMTOR2,Q9Y2Q5,LAMTOR2,
KCNQ2,O43526,KCNQ2,
RHBDF1,Q96CC6,RHBDF1,
STAMBP,O95630,STAMBP,
DUSP15,Q9H1R2,DUSP15,
SLC2A4,P14672,SLC2A4,
SERPINB6,P35237,SERPINB6,
NPHP1,O15259,NPHP1,
CD164,Q04900,CD164,
PEAK1,Q9H792,PEAK1,
MCM5,P33992,MCM5,
NCR2,O95944,NCR2,
ABHD6,Q9BV23,ABHD6,
TLR3,O15455,TLR3,
BMP1,P13497,BMP1,
FGF19,O95750,FGF19,
CERS1,P27544,CERS1,
GABBR2,O75899,GABBR2,
PREP,P48147,PREP,
NTRK3,Q16288,NTRK3,
LIPE,Q05469,LIPE,
JAM2,P57087,JAM2,
MAPT,P10636,MAPT,
MAT2B,Q9NZL9,MAT2B,
PPM1G,O15355,PPM1G,
CEACAM6,P40199,CEACAM6,
VTCN1,Q7Z7D3,VTCN1,
ALOX12,P18054,ALOX12,
PIK3C3,Q8NEB9,PIK3C3,
LRRK2,Q5S007,LRRK2,
PRPF19,Q9UMS4,PRPF19,
CDKAL1,Q5VV42,CDKAL1,
CCL18,P55774,CCL18,
UCN2,Q96RP3,UCN2,
NGFR,P08138,NGFR,
MFAP4,P55083,MFAP4,
CEL,P19835,CEL,
TGFBI,Q15582,TGFBI,
SSH1,Q8WYL5,SSH1,
ICAM3,P32942,ICAM3,
SLAMF1,Q13291,SLAMF1,
CRK,P46108,CRK,
C1QA,P02745,C1QA,
TXN,P10599,TXN,
TSPAN1,O60635,TSPAN1,
NRG4,Q8WWG1,NRG4,
MMP7,P09237,MMP7,
LAX1,Q8IWV1,LAX1,
SCARF1,Q14162,SCARF1,
LTF,P02788,LTF,
FKBP14,Q9NWM8,FKBP14,
IHH,Q14623,IHH,
TRIOBP,Q9H2D6,TRIOBP,
USH2A,O75445,USH2A,
SIGLEC1,Q9BZZ2,SIGLEC1,
VSIR,Q9H7M9,VSIR,
PAPPA,Q13219,PAPPA,
MMRN2,Q9H8L6,MMRN2,
UGT1A6,P19224,UGT1A6,
HGS,O14964,HGS,
CLCA1,A8K7I4,CLCA1,
PRKAG1,P54619,PRKAG1,
BTN3A2,P78410,BTN3A2,
COL1A1,P02452,COL1A1,
TFIP11,Q9UBB9,TFIP11,
CLDN7,O95471,CLDN7,
RPS19,P39019,RPS19,
IGFBP2,P18065,IGFBP2,
GDF9,O60383,GDF9,
LRRC4,Q9HBW1,LRRC4,
TLR7,Q9NYK1,TLR7,
GPC1,P35052,GPC1,
FLOT2,Q14254,FLOT2,
LIMS2,Q7Z4I7,LIMS2,
USP9X,Q93008,USP9X,
ARFGEF1,Q9Y6D6,ARFGEF1,
FGF4,P08620,FGF4,
PCDHA3,Q9Y5H8,PCDHA3,
NAPSA,O96009,NAPSA,
PDE4B,Q07343,PDE4B,
SCARF2,Q96GP6,SCARF2,
DHCR7,Q9UBM7,DHCR7,
BAX,Q07812,BAX,
CORO2B,Q9UQ03,CORO2B,
TNFSF10,P50591,TNFSF10,
CENPE,Q02224,CENPE,
DAG1,Q14118,DAG1,
DMTN,Q08495,DMTN,
EPHB6,O15197,EPHB6,
DCUN1D3,Q8IWE4,DCUN1D3,
NLGN4X,Q8N0W4,NLGN4X,
HSPD1,P10809,HSPD1,
ADCY6,O43306,ADCY6,
NTN1,O95631,NTN1,
ALK,Q9UM73,ALK,
STK24,Q9Y6E0,STK24,
SEMA4A,Q9H3S1,SEMA4A,
PPP1R17,O96001,PPP1R17,
TNFRSF11B,O00300,TNFRSF11B,
NRCAM,Q92823,NRCAM,
STOM,P27105,STOM,
SERPINF1,P36955,SERPINF1,
BOC,Q9BWV1,BOC,
CTF1,Q16619,CTF1,
PI4KB,Q9UBF8,PI4KB,
TIMP2,P16035,TIMP2,
GRK2,P25098,GRK2,
SLC1A5,Q15758,SLC1A5,
CLEC9A,Q6UXN8,CLEC9A,
PDGFD,Q9GZP0,PDGFD,
PTPN4,P29074,PTPN4,
PDLIM1,O00151,PDLIM1,
CD97,P48960,CD97,
IL17RA,Q96F46,IL17RA,
MYH7,P12883,MYH7,
PIGR,P01833,PIGR,
CUL3,Q13618,CUL3,
RUNX3,Q13761,RUNX3,
PTGES2,Q9H7Z7,PTGES2,
NPPC,P23582,NPPC,
NEO1,Q92859,NEO1,
HTR3D,Q70Z44,HTR3D,
LPIN1,Q14693,LPIN1,
RAB11A,P62491,RAB11A,
PPIF,P30405,PPIF,
STT3A,P46977,STT3A,
NTPCR,Q9BSD7,NTPCR,
BAK1,Q16611,BAK1,
FGA,P02671,FGA,
CTRC,Q99895,CTRC,
IL2RG,P31785,IL2RG,
TYRO3,Q06418,TYRO3,
GPC5,P78333,GPC5,
PTPRD,P23468,PTPRD,
GRIA2,P42262,GRIA2,
NVL,O15381,NVL,
HCK,P08631,HCK,
CLEC11A,Q9Y240,CLEC11A,
SORBS3,O60504,SORBS3,
TBC1D3C,Q6IPX1,TBC1D3C,
DHDDS,Q86SQ9,DHDDS,
ELFN1,P0C7U0,ELFN1,
THOP1,P52888,THOP1,
LTBP3,Q9NS15,LTBP3,
PTPMT1,Q8WUK0,PTPMT1,
JAK3,P52333,JAK3,
IFI16,Q16666,IFI16,
P2RX2,Q9UBL9,P2RX2,
ERBB4,Q15303,ERBB4,
PLXNB2,O15031,PLXNB2,
LAMA1,P25391,LAMA1,
IL9,P15248,IL9,
SEMA6D,Q8NFY4,SEMA6D,
PSMD1,Q99460,PSMD1,
GABRR1,P24046,GABRR1,
PGAM5,Q96HS1,PGAM5,
ABCC9,O60706,ABCC9,
MT-ATP6,P00846,MT-ATP6,
GPR135,Q8IZ08,GPR135,
NDUFA6,P56556,NDUFA6,
CD48,P09326,CD48,
CASP7,P55210,CASP7,
TP63,Q9H3D4,TP63,
PDIA5,Q14554,PDIA5,
AGAP3,Q96P47,AGAP3,
DDHD2,O94830,DDHD2,
PPP3R1,P63098,PPP3R1,
SVIL,O95425,SVIL,
TNFRSF9,Q07011,TNFRSF9,
FXN,Q16595,FXN,
COLQ,Q9Y215,COLQ,
PCDHA7,Q9UN72,PCDHA7,
MMP28,Q9H239,MMP28,
GUCY2C,P25092,GUCY2C,
DBH,P09172,DBH,
GSTM1,P09488,GSTM1,
HTRA2,O43464,HTRA2,
GATA1,P15976,GATA1,
TMEM86B,Q8N661,TMEM86B,
SEMA3B,Q13214,SEMA3B,
SIPA1L1,O43166,SIPA1L1,
ITGB3BP,Q13352,ITGB3BP,
TBCD,Q9BTW9,TBCD,
HTATIP2,Q9BUP3,HTATIP2,
TPRA1,Q86W33,TPRA1,
COL13A1,Q5TAT6,COL13A1,
FZD5,Q13467,FZD5,
ONECUT1,Q9UBC0,ONECUT1,
ARHGAP21,Q5T5U3,ARHGAP21,
RLN1,P04808,RLN1,
HHAT,Q5VTY9,HHAT,
SLC36A1,Q7Z2H8,SLC36A1,
MAGEL2,Q9UJ55,MAGEL2,
TPST1,O60507,TPST1,
IL10,P22301,IL10,
C4B,P0C0L5,C4B,
CHFR,Q96EP1,CHFR,
PPM1M,Q96MI6,PPM1M,
LTA,P01374,LTA,
LDLR,P01130,LDLR,
TRIO,O75962,TRIO,
CHRNB2,P17787,CHRNB2,
ASAH1,Q13510,ASAH1,
GARS,P41250,GARS,
GSK3B,P49841,GSK3B,
PRKCQ,Q04759,PRKCQ,
TIMP1,P01033,TIMP1,
ACVR1C,Q8NER5,ACVR1C,
RGS2,P41220,RGS2,
TENM1,Q9UKZ4,TENM1,
TPSB2,P20231,TPSB2,
CDH6,P55285,CDH6,
AZGP1,P25311,AZGP1,
PRLR,P16471,PRLR,
GALR2,O43603,GALR2,
UBE2J1,Q9Y385,UBE2J1,
GNG3,P63215,GNG3,
HTR2A,P28223,HTR2A,
PIK3C2B,O00750,PIK3C2B,
CAV1,Q03135,CAV1,
CST5,P28325,CST5,
SMOC2,Q9H3U7,SMOC2,
PF4V1,P10720,PF4V1,
NCAM1,P13591,NCAM1,
PPIB,P23284,PPIB,
KLRC1,P26715,KLRC1,
NLGN1,Q8N2Q7,NLGN1,
ALPG,P10696,ALPG,
GXYLT2,A0PJZ3,GXYLT2,
IGFBP4,P22692,IGFBP4,
STC2,O76061,STC2,
NEURL1,O76050,NEURL1,
PRKAA1,Q13131,PRKAA1,
TXK,P42681,TXK,
TMED2,Q15363,TMED2,
EFNA3,P52797,EFNA3,
DDX18,Q9NVP1,DDX18,
MCCC2,Q9HCC0,MCCC2,
SLC30A1,Q9Y6M5,SLC30A1,
SLC11A1,P49279,SLC11A1,
SLC9A7,Q96T83,SLC9A7,
SCGB3A1,Q96QR1,SCGB3A1,
CXCR6,O00574,CXCR6,
B4GAT1,O43505,B4GAT1,
LPL,P06858,LPL,
MYCBP2,O75592,MYCBP2,
IFNB1,P01574,IFNB1,
SEMA4G,Q9NTN9,SEMA4G,
PATJ,Q8NI35,PATJ,
GAB1,Q13480,GAB1,
PPP2CA,P67775,PPP2CA,
CERK,Q8TCT0,CERK,
BAMBI,Q13145,BAMBI,
CXADR,P78310,CXADR,
HPN,P05981,HPN,
PPP1R14C,Q8TAE6,PPP1R14C,
CLEC4M,Q9H2X3,CLEC4M,
ABAT,P80404,ABAT,
PTGDR2,Q9Y5Y4,PTGDR2,
MAD2L2,Q9UI95,MAD2L2,
BIN1,O00499,BIN1,
TNIK,Q9UKE5,TNIK,
IBTK,Q9P2D0,IBTK,
ARHGAP29,Q52LW3,ARHGAP29,
UFL1,O94874,UFL1,
PDIA6,Q15084,PDIA6,
KRAS,P01116,KRAS,
ATP5F1D,P30049,ATP5F1D,
DDX21,Q9NR30,DDX21,
P4HB,P07237,P4HB,
STARD13,Q9Y3M8,STARD13,
CD3E,P07766,CD3E,
PLCG1,P19174,PLCG1,
SOCS5,O75159,SOCS5,
KCNH5,Q8NCM2,KCNH5,
UBL4A,P11441,UBL4A,
ERN2,Q76MJ5,ERN2,
QPCTL,Q9NXS2,QPCTL,
EXTL1,Q92935,EXTL1,
DCP1B,Q8IZD4,DCP1B,
NECTIN4,Q96NY8,NECTIN4,
TFF1,P04155,TFF1,
KLRC2,P26717,KLRC2,
IL17F,Q96PD4,IL17F,
SPTLC1,O15269,SPTLC1,
CCL21,O00585,CCL21,
HLA-DPB1,P04440,HLA-DPB1,
PTPRC,P08575,PTPRC,
HLA-C,Q95604,HLA-C,
ATP6V1B1,P15313,ATP6V1B1,
ATP5PO,P48047,ATP5PO,
CXCL12,P48061,CXCL12,
FOXL2,P58012,FOXL2,
CX3CL1,P78423,CX3CL1,
ARF4,P18085,ARF4,
KIR2DL3,P43628,KIR2DL3,
DCP1A,Q9NPI6,DCP1A,
CRLS1,Q9UJA2,CRLS1,
ATP2B1,P20020,ATP2B1,
RAB34,Q9BZG1,RAB34,
PIGS,Q96S52,PIGS,
SEPHS1,P49903,SEPHS1,
GPI,P06744,GPI,
BMP6,P22004,BMP6,
CAMK2A,Q9UQM7,CAMK2A,
PIDD1,Q9HB75,PIDD1,
HBEGF,Q99075,HBEGF,
OPA1,O60313,OPA1,
INSL3,P51460,INSL3,
RGS6,P49758,RGS6,
SLC6A9,P48067,SLC6A9,
MGRN1,O60291,MGRN1,
B3GNT7,Q8NFL0,B3GNT7,
MT-ND4,P03905,MT-ND4,
TRIM59,Q8IWR1,TRIM59,
ADAMTS17,Q8TE56,ADAMTS17,
IMPDH2,P12268,IMPDH2,
SPG7,Q9UQ90,SPG7,
PHKA1,P46020,PHKA1,
TPX2,Q9ULW0,TPX2,
RASA3,Q14644,RASA3,
KRTAP4-12,Q9BQ66,KRTAP4-12,
SCUBE3,Q8IX30,SCUBE3,
IL13,P35225,IL13,
LEPR,P48357,LEPR,
S1PR2,O95136,S1PR2,
UBR4,Q5T4S7,UBR4,
HSPA5,P11021,HSPA5,
SLC39A14,Q15043,SLC39A14,
ITGB3,P05106,ITGB3,
ITGA8,P53708,ITGA8,
WNT4,P56705,WNT4,
CAV2,P51636,CAV2,
TNFRSF13C,Q96RJ3,TNFRSF13C,
CCKAR,P32238,CCKAR,
GPRC5A,Q8NFJ5,GPRC5A,
SLC15A3,Q8IY34,SLC15A3,
CD33,P20138,CD33,
PARD3B,Q8TEW8,PARD3B,
COX6A2,Q02221,COX6A2,
GHR,P10912,GHR,
KCNAB1,Q14722,KCNAB1,
CAPN2,P17655,CAPN2,
NRXN1,Q9ULB1,NRXN1,
ADAMTS3,O15072,ADAMTS3,
PPM1A,P35813,PPM1A,
NDUFA2,O43678,NDUFA2,
RPGRIP1L,Q68CZ1,RPGRIP1L,
USP2,O75604,USP2,
APLP1,P51693,APLP1,
FBL,P22087,FBL,
TRIM13,O60858,TRIM13,
CHST1,O43916,CHST1,
COX5A,P20674,COX5A,
RAB38,P57729,RAB38,
CYP3A5,P20815,CYP3A5,
FCER2,P06734,FCER2,
CLPS,P04118,CLPS,
AQP2,P41181,AQP2,
USP32,Q8NFA0,USP32,
PARP14,Q460N5,PARP14,
LRSAM1,Q6UWE0,LRSAM1,
MSN,P26038,MSN,
PCSK1,P29120,PCSK1,
RARRES3,Q9UL19,RARRES3,
VASH1,Q7L8A9,VASH1,
GOT2,P00505,GOT2,
GNG8,Q9UK08,GNG8,
DSC2,Q02487,DSC2,
SBF2,Q86WG5,SBF2,
UBIAD1,Q9Y5Z9,UBIAD1,
LRFN4,Q6PJG9,LRFN4,
CNTN1,Q12860,CNTN1,
CITED2,Q99967,CITED2,
CRYAB,P02511,CRYAB,
ITGA9,Q13797,ITGA9,
SLC9A3R1,O14745,SLC9A3R1,
HDAC8,Q9BY41,HDAC8,
AVPR1B,P47901,AVPR1B,
ACTN2,P35609,ACTN2,
SLC40A1,Q9NP59,SLC40A1,
TNFRSF10C,O14798,TNFRSF10C,
RAP1GAP,P47736,RAP1GAP,
CSTB,P04080,CSTB,
MT-ND1,P03886,MT-ND1,
SERPINC1,P01008,SERPINC1,
RNF165,Q6ZSG1,RNF165,
PAPOLG,Q9BWT3,PAPOLG,
NTN4,Q9HB63,NTN4,
LPP,Q93052,LPP,
GPR50,Q13585,GPR50,
CRKL,P46109,CRKL,
PCSK4,Q6UW60,PCSK4,
SLC30A3,Q99726,SLC30A3,
F2,P00734,F2,
MASP1,P48740,MASP1,
RUVBL2,Q9Y230,RUVBL2,
CELSR3,Q9NYQ7,CELSR3,
CD244,Q9BZW8,CD244,
RND2,P52198,RND2,
MT-ATP8,P03928,MT-ATP8,
HHIP,Q96QV1,HHIP,
TNFAIP8L2,Q6P589,TNFAIP8L2,
TMEFF1,Q8IYR6,TMEFF1,
FGF9,P31371,FGF9,
PYCR1,P32322,PYCR1,
PPM1B,O75688,PPM1B,
AMFR,Q9UKV5,AMFR,
TNC,P24821,TNC,
PLAT,P00750,PLAT,
HSPA9,P38646,HSPA9,
LTB4R2,Q9NPC1,LTB4R2,
PAK2,Q13177,PAK2,
FAT4,Q6V0I7,FAT4,
RRAS2,P62070,RRAS2,
BTC,P35070,BTC,
FAM20B,O75063,FAM20B,
COL18A1,P39060,COL18A1,
CACNA1H,O95180,CACNA1H,
IL13RA2,Q14627,IL13RA2,
DARS,P14868,DARS,
CD80,P33681,CD80,
PLA2G1B,P04054,PLA2G1B,
ASGR1,P07306,ASGR1,
ROCK1,Q13464,ROCK1,
DAB2IP,Q5VWQ8,DAB2IP,
PLG,P00747,PLG,
PTH1R,Q03431,PTH1R,
EOGT,Q5NDL2,EOGT,
ASGR2,P07307,ASGR2,
CDH2,P19022,CDH2,
IL3RA,P26951,IL3RA,
ATRX,P46100,ATRX,
CAPN1,P07384,CAPN1,
DOCK8,Q8NF50,DOCK8,
FBN1,P35555,FBN1,
PPP1R3C,Q9UQK1,PPP1R3C,
CCL25,O15444,CCL25,
PLA2R1,Q13018,PLA2R1,
COL10A1,Q03692,COL10A1,
IL12RB2,Q99665,IL12RB2,
AMIGO1,Q86WK6,AMIGO1,
MATK,P42679,MATK,
NCSTN,Q92542,NCSTN,
LIMS1,P48059,LIMS1,
PTPRA,P18433,PTPRA,
ANGPTL5,Q86XS5,ANGPTL5,
SACM1L,Q9NTJ5,SACM1L,
MMP14,P50281,MMP14,
NDUFS2,O75306,NDUFS2,
BMPR1A,P36894,BMPR1A,
PIK3CA,P42336,PIK3CA,
LYZ,P61626,LYZ,
POMT2,Q9UKY4,POMT2,
IL5RA,Q01344,IL5RA,
FLRT1,Q9NZU1,FLRT1,
ATP1B1,P05026,ATP1B1,
FCN2,Q15485,FCN2,
NDP,Q00604,NDP,
WFIKKN1,Q96NZ8,WFIKKN1,
GRK7,Q8WTQ7,GRK7,
KIF14,Q15058,KIF14,
CYTH1,Q15438,CYTH1,
ENPEP,Q07075,ENPEP,
PCDHB14,Q9Y5E9,PCDHB14,
SLC24A1,O60721,SLC24A1,
DGKH,Q86XP1,DGKH,
RASGRP1,O95267,RASGRP1,
COL4A5,P29400,COL4A5,
SPTSSB,Q8NFR3,SPTSSB,
IL1RL2,Q9HB29,IL1RL2,
CALM2,P0DP24,CALM2,
RPS27L,Q71UM5,RPS27L,
PRKCA,P17252,PRKCA,
EMID1,Q96A84,EMID1,
FBLN2,P98095,FBLN2,
RACGAP1,Q9H0H5,RACGAP1,
IRAK1,P51617,IRAK1,
CDK5R2,Q13319,CDK5R2,
ASAP1,Q9ULH1,ASAP1,
ARHGAP17,Q68EM7,ARHGAP17,
CDH8,P55286,CDH8,
PAQR3,Q6TCH7,PAQR3,
TM4SF1,P30408,TM4SF1,
MT-ND6,P03923,MT-ND6,
TUBA8,Q9NY65,TUBA8,
RB1,P06400,RB1,
FERMT2,Q96AC1,FERMT2,
ELFN2,Q5R3F8,ELFN2,
HIGD1A,Q9Y241,HIGD1A,
MANF,P55145,MANF,
GABRB2,P47870,GABRB2,
CX3CR1,P49238,CX3CR1,
ADCY8,P40145,ADCY8,
ARSA,P15289,ARSA,
KIF13A,Q9H1H9,KIF13A,
KLF4,O43474,KLF4,
SWAP70,Q9UH65,SWAP70,
COL4A4,P53420,COL4A4,
MT-ND2,P03891,MT-ND2,
PELI1,Q96FA3,PELI1,
MMP2,P08253,MMP2,
PGF,P49763,PGF,
GUCY2F,P51841,GUCY2F,
CCL24,O00175,CCL24,
SLC16A3,O15427,SLC16A3,
NECTIN2,Q92692,NECTIN2,
SULF1,Q8IWU6,SULF1,
HGFAC,Q04756,HGFAC,
WNT10B,O00744,WNT10B,
OAS3,Q9Y6K5,OAS3,
TREX1,Q9NSU2,TREX1,
RARRES2,Q99969,RARRES2,
PTPN2,P17706,PTPN2,
P2RX7,Q99572,P2RX7,
EDA,Q92838,EDA,
GTPBP1,O00178,GTPBP1,
MOGS,Q13724,MOGS,
CSPG4,Q6UVK1,CSPG4,
RNF126,Q9BV68,RNF126,
MPP5,Q8N3R9,MPP5,
IFNLR1,Q8IU57,IFNLR1,
CD46,P15529,CD46,
HBA1,P69905,HBA1,
DLG2,Q15700,DLG2,
ZG16B,Q96DA0,ZG16B,
CCND1,P24385,CCND1,
DLL4,Q9NR61,DLL4,
DNAJA3,Q96EY1,DNAJA3,
CTSL,P07711,CTSL,
CLCF1,Q9UBD9,CLCF1,
GRB7,Q14451,GRB7,
OPRM1,P35372,OPRM1,
BMP4,P12644,BMP4,
TRAF2,Q12933,TRAF2,
NOS1,P29475,NOS1,
CAPNS1,P04632,CAPNS1,
SPTSSA,Q969W0,SPTSSA,
TOM1L1,O75674,TOM1L1,
DYNLL1,P63167,DYNLL1,
AGA,P20933,AGA,
PTPN22,Q9Y2R2,PTPN22,
IL1R1,P14778,IL1R1,
KCNH2,Q12809,KCNH2,
CRB3,Q9BUF7,CRB3,
APOE,P02649,APOE,
ASCC3,Q8N3C0,ASCC3,
ARHGAP35,Q9NRY4,ARHGAP35,
DCD,P81605,DCD,
SDC1,P18827,SDC1,
DEGS1,O15121,DEGS1,
NDUFA5,Q16718,NDUFA5,
PIGF,Q07326,PIGF,
TYRP1,P17643,TYRP1,
NEDD4,P46934,NEDD4,
KLK13,Q9UKR3,KLK13,
DGKA,P23743,DGKA,
ARL4C,P56559,ARL4C,
CR2,P20023,CR2,
CCL8,P80075,CCL8,
EPHA6,Q9UF33,EPHA6,
PCDHB5,Q9Y5E4,PCDHB5,
CHL1,O00533,CHL1,
RAB21,Q9UL25,RAB21,
COQ6,Q9Y2Z9,COQ6,
SNF8,Q96H20,SNF8,
PAWR,Q96IZ0,PAWR,
KCNC1,P48547,KCNC1,
TNFRSF14,Q92956,TNFRSF14,
CD14,P08571,CD14,
NME3,Q13232,NME3,
CLSTN1,O94985,CLSTN1,
SLA2,Q9H6Q3,SLA2,
KIF4A,O95239,KIF4A,
STK10,O94804,STK10,
CORO1A,P31146,CORO1A,
DVL1,O14640,DVL1,
TNFRSF11A,Q9Y6Q6,TNFRSF11A,
NAT8,Q9UHE5,NAT8,
CPNE3,O75131,CPNE3,
EPOR,P19235,EPOR,
RHOB,P62745,RHOB,
LSAMP,Q13449,LSAMP,
SLC15A4,Q8N697,SLC15A4,
EGFL7,Q9UHF1,EGFL7,
BCAS3,Q9H6U6,BCAS3,
MICB,Q29980,MICB,
ATP1B2,P14415,ATP1B2,
SERPINA3,P01011,SERPINA3,
DGKZ,Q13574,DGKZ,
FES,P07332,FES,
PKP3,Q9Y446,PKP3,
KIFAP3,Q92845,KIFAP3,
ACAP2,Q15057,ACAP2,
RIN1,Q13671,RIN1,
BFAR,Q9NZS9,BFAR,
PDGFRA,P16234,PDGFRA,
F2R,P25116,F2R,
SREBF1,P36956,SREBF1,
ZC3HAV1,Q7Z2W4,ZC3HAV1,
RGS9,O75916,RGS9,
DNAJA1,P31689,DNAJA1,
MYH11,P35749,MYH11,
ALPI,P09923,ALPI,
NOX5,Q96PH1,NOX5,
ARRB1,P49407,ARRB1,
CEACAM8,P31997,CEACAM8,
PTPRE,P23469,PTPRE,
TYROBP,O43914,TYROBP,
ADAMTSL4,Q6UY14,ADAMTSL4,
CACNG2,Q9Y698,CACNG2,
PHB2,Q99623,PHB2,
DDR2,Q16832,DDR2,
APOA4,P06727,APOA4,
PCSK1N,Q9UHG2,PCSK1N,
DPP10,Q8N608,DPP10,
PCSK9,Q8NBP7,PCSK9,
CXCL6,P80162,CXCL6,
CLEC4D,Q8WXI8,CLEC4D,
TSHR,P16473,TSHR,
DDX24,Q9GZR7,DDX24,
SMAD7,O15105,SMAD7,
RTN4R,Q9BZR6,RTN4R,
PISD,Q9UG56,PISD,
HABP2,Q14520,HABP2,
CST2,P09228,CST2,
ABHD17A,Q96GS6,ABHD17A,
ABHD16A,O95870,ABHD16A,
DEFB104A,Q8WTQ1,DEFB104A,
SLC16A1,P53985,SLC16A1,
ABCE1,P61221,ABCE1,
MTM1,Q13496,MTM1,
DDX41,Q9UJV9,DDX41,
CLDN1,O95832,CLDN1,
OPRD1,P41143,OPRD1,
EIF2AK2,P19525,EIF2AK2,
ATP5MF,P56134,ATP5MF,
DPYSL2,Q16555,DPYSL2,
NLRP3,Q96P20,NLRP3,
IDH2,P48735,IDH2,
DNASE2,O00115,DNASE2,
TBC1D3,Q8IZP1,TBC1D3,
NCAN,O14594,NCAN,
MYL9,P24844,MYL9,
CDH4,P55283,CDH4,
TSPAN17,Q96FV3,TSPAN17,
CXCR5,P32302,CXCR5,
MS4A1,P11836,MS4A1,
ARFGAP3,Q9NP61,ARFGAP3,
DCN,P07585,DCN,
PCDHGB1,Q9Y5G3,PCDHGB1,
MFGE8,Q08431,MFGE8,
RAB31,Q13636,RAB31,
EGLN1,Q9GZT9,EGLN1,
RAB43,Q86YS6,RAB43,
DNAH11,Q96DT5,DNAH11,
CIB1,Q99828,CIB1,
LILRB4,Q8NHJ6,LILRB4,
MAP3K8,P41279,MAP3K8,
SLC6A1,P30531,SLC6A1,
FGFR2,P21802,FGFR2,
RIPK3,Q9Y572,RIPK3,
TMEM59,Q9BXS4,TMEM59,
PPP1R3F,Q6ZSY5,PPP1R3F,
ITGB2,P05107,ITGB2,
OSTC,Q9NRP0,OSTC,
PLA2G6,O60733,PLA2G6,
SERINC1,Q9NRX5,SERINC1,
ARHGDIB,P52566,ARHGDIB,
PIGA,P37287,PIGA,
NFKB1,P19838,NFKB1,
GHRL,Q9UBU3,GHRL,
DDX5,P17844,DDX5,
MTOR,P42345,MTOR,
LAMP2,P13473,LAMP2,
COQ7,Q99807,COQ7,
FGF17,O60258,FGF17,
CCL4,P13236,CCL4,
CELSR2,Q9HCU4,CELSR2,
UNC5A,Q6ZN44,UNC5A,
PTX3,P26022,PTX3,
PTGS1,P23219,PTGS1,
CD3G,P09693,CD3G,
ZP4,Q12836,ZP4,
SLC4A7,Q9Y6M7,SLC4A7,
TSLP,Q969D9,TSLP,
GNAI3,P08754,GNAI3,
NRAS,P01111,NRAS,
TMTC3,Q6ZXV5,TMTC3,
PRSS8,Q16651,PRSS8,
GP5,P40197,GP5,
LRPAP1,P30533,LRPAP1,
ADGRB1,O14514,ADGRB1,
ADAMTSL1,Q8N6G6,ADAMTSL1,
GJA3,Q9Y6H8,GJA3,
NOTCH4,Q99466,NOTCH4,
IRF1,P10914,IRF1,
HLA-DRB1,P01911,HLA-DRB1,
MCAM,P43121,MCAM,
ZNRF2,Q8NHG8,ZNRF2,
APLP2,Q06481,APLP2,
RAB2A,P61019,RAB2A,
HEXIM2,Q96MH2,HEXIM2,
GAPDHS,O14556,GAPDHS,
IL4,P05112,IL4,
GPX8,Q8TED1,GPX8,
DDX6,P26196,DDX6,
CRLF2,Q9HC73,CRLF2,
CD79A,P11912,CD79A,
PIGC,Q92535,PIGC,
EIF3H,O15372,EIF3H,
GNB2,P62879,GNB2,
GNGT2,O14610,GNGT2,
BCAP31,P51572,BCAP31,
KSR2,Q6VAB6,KSR2,
CORO1C,Q9ULV4,CORO1C,
CXCL2,P19875,CXCL2,
CRY2,Q49AN0,CRY2,
EPHA3,P29320,EPHA3,
IL20RA,Q9UHF4,IL20RA,
TRPV1,Q8NER1,TRPV1,
ACAP1,Q15027,ACAP1,
RAB18,Q9NP72,RAB18,
COL9A3,Q14050,COL9A3,
GBA2,Q9HCG7,GBA2,
RARS,P54136,RARS,
ADRA1D,P25100,ADRA1D,
IL20RB,Q6UXL0,IL20RB,
TRPC3,Q13507,TRPC3,
BACE1,P56817,BACE1,
NDUFA3,O95167,NDUFA3,
KIR3DL2,P43630,KIR3DL2,
BDKRB2,P30411,BDKRB2,
PIP5K1B,O14986,PIP5K1B,
LCT,P09848,LCT,
SPINK1,P00995,SPINK1,
EMILIN2,Q9BXX0,EMILIN2,
RASD1,Q9Y272,RASD1,
ARHGEF6,Q15052,ARHGEF6,
THY1,P04216,THY1,
CD22,P20273,CD22,
COL17A1,Q9UMD9,COL17A1,
MLKL,Q8NB16,MLKL,
PDE9A,O76083,PDE9A,
ARF6,P62330,ARF6,
VANGL2,Q9ULK5,VANGL2,
SERPINB9,P50453,SERPINB9,
TRDC,B7Z8K6,TRDC,
FGD5,Q6ZNL6,FGD5,
RIC8A,Q9NPQ8,RIC8A,
SH3PXD2A,Q5TCZ1,SH3PXD2A,
MED12,Q93074,MED12,
SH2B3,Q9UQQ2,SH2B3,
PTPN6,P29350,PTPN6,
TRGC1,P0CF51,TRGC1,
NRXN3,Q9Y4C0,NRXN3,
CHPF,Q8IZ52,CHPF,
WNT3A,P56704,WNT3A,
JAG2,Q9Y219,JAG2,
NCR1,O76036,NCR1,
VNN2,O95498,VNN2,
CALM1,P0DP23,CALM1,
BCL10,O95999,BCL10,
RXFP1,Q9HBX9,RXFP1,
TGM3,Q08188,TGM3,
FKBP5,Q13451,FKBP5,
ANTXR1,Q9H6X2,ANTXR1,
PRKAR1A,P10644,PRKAR1A,
ARRDC4,Q8NCT1,ARRDC4,
COL5A1,P20908,COL5A1,
NBN,O60934,NBN,
SNCA,P37840,SNCA,
ELMO1,Q92556,ELMO1,
IZUMO1,Q8IYV9,IZUMO1,
AXIN1,O15169,AXIN1,
EFEMP1,Q12805,EFEMP1,
RAD51C,O43502,RAD51C,
EIF4A1,P60842,EIF4A1,
GALR3,O60755,GALR3,
PLCB2,Q00722,PLCB2,
NOTCH3,Q9UM47,NOTCH3,
GYS1,P13807,GYS1,
CYP17A1,P05093,CYP17A1,
PAK1,Q13153,PAK1,
CFL1,P23528,CFL1,
DLK2,Q6UY11,DLK2,
SGPL1,O95470,SGPL1,
XRN2,Q9H0D6,XRN2,
DIRAS1,O95057,DIRAS1,
CYB5R3,P00387,CYB5R3,
RAB4A,P20338,RAB4A,
ITGAE,P38570,ITGAE,
CDH16,O75309,CDH16,
PML,P29590,PML,
GALNT12,Q8IXK2,GALNT12,
NDUFB3,O43676,NDUFB3,
ENPP2,Q13822,ENPP2,
FOLR1,P15328,FOLR1,
PTAFR,P25105,PTAFR,
VSIG4,Q9Y279,VSIG4,
HSDL2,Q6YN16,HSDL2,
ACP6,Q9NPH0,ACP6,
NOL9,Q5SY16,NOL9,
DLG4,P78352,DLG4,
RHOD,O00212,RHOD,
MYL12A,P19105,MYL12A,
TNR,Q92752,TNR,
NDUFB4,O95168,NDUFB4,
GHRH,P01286,GHRH,
VLDLR,P98155,VLDLR,
SLC31A2,O15432,SLC31A2,
ADORA2A,P29274,ADORA2A,
PLXDC1,Q8IUK5,PLXDC1,
TRIM29,Q14134,TRIM29,
RPL5,P46777,RPL5,
PPP1R16A,Q96I34,PPP1R16A,
HSPG2,P98160,HSPG2,
HMGCL,P35914,HMGCL,
S100A9,P06702,S100A9,
ANXA2,P07355,ANXA2,
LYN,P07948,LYN,
DRD1,P21728,DRD1,
GPR26,Q8NDV2,GPR26,
PIK3C2A,O00443,PIK3C2A,
INPP5D,Q92835,INPP5D,
FZD10,Q9ULW2,FZD10,
TPST2,O60704,TPST2,
SERPINA4,P29622,SERPINA4,
IL31RA,Q8NI17,IL31RA,
CTNND2,Q9UQB3,CTNND2,
TSPAN12,O95859,TSPAN12,
CPN2,P22792,CPN2,
CKMT2,P17540,CKMT2,
ANKZF1,Q9H8Y5,ANKZF1,
IDH3A,P50213,IDH3A,
GUCA1A,P43080,GUCA1A,
MED1,Q15648,MED1,
CFTR,P13569,CFTR,
MGAT4B,Q9UQ53,MGAT4B,
ALPL,P05186,ALPL,
SLC39A4,Q6P5W5,SLC39A4,
SEMG2,Q02383,SEMG2,
KIF15,Q9NS87,KIF15,
GFER,P55789,GFER,
GPHA2,Q96T91,GPHA2,
UBE2J2,Q8N2K1,UBE2J2,
AKIP1,Q9NQ31,AKIP1,
CYB561A3,Q8NBI2,CYB561A3,
DPP7,Q9UHL4,DPP7,
UGT2B7,P16662,UGT2B7,
GAS6,Q14393,GAS6,
RAB11FIP2,Q7L804,RAB11FIP2,
ANOS1,P23352,ANOS1,
PLXNA2,O75051,PLXNA2,
PINK1,Q9BXM7,PINK1,
RNF40,O75150,RNF40,
GCN1,Q92616,GCN1,
PCCA,P05165,PCCA,
CCL23,P55773,CCL23,
GNB1,P62873,GNB1,
ARPC2,O15144,ARPC2,
CYP2S1,Q96SQ9,CYP2S1,
PLVAP,Q9BX97,PLVAP,
DEFB1,P60022,DEFB1,
NAMPT,P43490,NAMPT,
NPPB,P16860,NPPB,
CCR2,P41597,CCR2,
VEZT,Q9HBM0,VEZT,
RASA1,P20936,RASA1,
CTSF,Q9UBX1,CTSF,
HUWE1,Q7Z6Z7,HUWE1,
NAPA,P54920,NAPA,
CXCL5,P42830,CXCL5,
TMBIM1,Q969X1,TMBIM1,
NOTUM,Q6P988,NOTUM,
PREX1,Q8TCU6,PREX1,
TRPM6,Q9BX84,TRPM6,
ITGAD,Q13349,ITGAD,
SCARB1,Q8WTV0,SCARB1,
GRIK1,P39086,GRIK1,
AHSG,P02765,AHSG,
PSMF1,Q92530,PSMF1,
PARD6G,Q9BYG4,PARD6G,
EPCAM,P16422,EPCAM,
PLAUR,Q03405,PLAUR,
MED16,Q9Y2X0,MED16,
RAC3,P60763,RAC3,
CABP1,Q9NZU7,CABP1,
ARF1,P84077,ARF1,
GPR17,Q13304,GPR17,
POR,P16435,POR,
RNF19A,Q9NV58,RNF19A,
ZBTB7B,O15156,ZBTB7B,
CD19,P15391,CD19,
HPSE,Q9Y251,HPSE,
EDN3,P14138,EDN3,
RPL23,P62829,RPL23,
PPM1F,P49593,PPM1F,
GPX7,Q96SL4,GPX7,
CCNB2,O95067,CCNB2,
CORO1B,Q9BR76,CORO1B,
RIT1,Q92963,RIT1,
TESK1,Q15569,TESK1,
FCGR2A,P12318,FCGR2A,
MPZL3,Q6UWV2,MPZL3,
MUC7,Q8TAX7,MUC7,
ADAM10,O14672,ADAM10,
CACNA1C,Q13936,CACNA1C,
C5AR1,P21730,C5AR1,
CDK4,P11802,CDK4,
RAB40A,Q8WXH6,RAB40A,
PRSS21,Q9Y6M0,PRSS21,
CD36,P16671,CD36,
TEK,Q02763,TEK,
ICAM5,Q9UMF0,ICAM5,
CLASP1,Q7Z460,CLASP1,
ALB,P02768,ALB,
PPIH,O43447,PPIH,
FAM162A,Q96A26,FAM162A,
YWHAE,P62258,YWHAE,
DNASE1L1,P49184,DNASE1L1,
IL1F10,Q8WWZ1,IL1F10,
TNS2,Q63HR2,TNS2,
RAB35,Q15286,RAB35,
RNF130,Q86XS8,RNF130,
CNOT6,Q9ULM6,CNOT6,
LPA,P08519,LPA,
PAM16,Q9Y3D7,PAM16,
GDF11,O95390,GDF11,
ADAM9,Q13443,ADAM9,
SEMA3C,Q99985,SEMA3C,
SEMA3A,Q14563,SEMA3A,
FCGR1A,P12314,FCGR1A,
ITGAM,P11215,ITGAM,
APOB,P04114,APOB,
TUBB4B,P68371,TUBB4B,
SRGAP2,O75044,SRGAP2,
PARVG,Q9HBI0,PARVG,
TNFRSF10A,O00220,TNFRSF10A,
ABCG8,Q9H221,ABCG8,
KCNJ2,P63252,KCNJ2,
SERPINH1,P50454,SERPINH1,
MUC4,Q99102,MUC4,
ATP5PB,P24539,ATP5PB,
B3GALNT1,O75752,B3GALNT1,
COX7B,P24311,COX7B,
ABI1,Q8IZP0,ABI1,
SPCS2,Q15005,SPCS2,
NDUFS8,O00217,NDUFS8,
FERMT3,Q86UX7,FERMT3,
TRAF6,Q9Y4K3,TRAF6,
PPP1R12B,O60237,PPP1R12B,
MS4A2,Q01362,MS4A2,
KLK10,O43240,KLK10,
GDF15,Q99988,GDF15,
OAS2,P29728,OAS2,
LAMC2,Q13753,LAMC2,
WNT11,O96014,WNT11,
SMPD2,O60906,SMPD2,
MEP1B,Q16820,MEP1B,
MYO1C,O00159,MYO1C,
MC4R,P32245,MC4R,
G6PD,P11413,G6PD,
RCN3,Q96D15,RCN3,
ILKAP,Q9H0C8,ILKAP,
TMPRSS3,P57727,TMPRSS3,
IL1RN,P18510,IL1RN,
RAPGEF1,Q13905,RAPGEF1,
WDFY3,Q8IZQ1,WDFY3,
CHRM5,P08912,CHRM5,
MYL6,P60660,MYL6,
RGS4,P49798,RGS4,
TGM2,P21980,TGM2,
DDX3X,O00571,DDX3X,
DNAJB11,Q9UBS4,DNAJB11,
ARHGDIG,Q99819,ARHGDIG,
EXOC3-AS1,Q8N2X6,EXOC3-AS1,
CLEC1B,Q9P126,CLEC1B,
ADRB3,P13945,ADRB3,
IL12B,P29460,IL12B,
RELN,P78509,RELN,
SPRED1,Q7Z699,SPRED1,
CAV3,P56539,CAV3,
PNKP,Q96T60,PNKP,
ADAMTS2,O95450,ADAMTS2,
S100A11,P31949,S100A11,
SLC27A2,O14975,SLC27A2,
CTSC,P53634,CTSC,
LY6D,Q14210,LY6D,
MASP2,O00187,MASP2,
PLEC,Q15149,PLEC,
KLC2,Q9H0B6,KLC2,
PTPRH,Q9HD43,PTPRH,
ANGPT4,Q9Y264,ANGPT4,
TYSND1,Q2T9J0,TYSND1,
THBD,P07204,THBD,
AGRN,O00468,AGRN,
PARD3,Q8TEW0,PARD3,
CAP2,P40123,CAP2,
SOS1,Q07889,SOS1,
PDE5A,O76074,PDE5A,
IL23A,Q9NPF7,IL23A,
RNF43,Q68DV7,RNF43,
EGF,P01133,EGF,
PALLD,Q8WX93,PALLD,
CDC7,O00311,CDC7,
FAR1,Q8WVX9,FAR1,
DEPDC1B,Q8WUY9,DEPDC1B,
PDIA4,P13667,PDIA4,
KMT2E,Q8IZD2,KMT2E,
EPHA1,P21709,EPHA1,
HTR3B,O95264,HTR3B,
PTK6,Q13882,PTK6,
ADCY9,O60503,ADCY9,
C5AR2,Q9P296,C5AR2,
DOCK9,Q9BZ29,DOCK9,
PCDHA10,Q9Y5I2,PCDHA10,
BMPR2,Q13873,BMPR2,
SORL1,Q92673,SORL1,
FKBP8,Q14318,FKBP8,
SMAD6,O43541,SMAD6,
CHD5,Q8TDI0,CHD5,
SERPINB2,P05120,SERPINB2,
CASP2,P42575,CASP2,
SMO,Q99835,SMO,
CISH,Q9NSE2,CISH,
AOC3,Q16853,AOC3,
TLR9,Q9NR96,TLR9,
SH3KBP1,Q96B97,SH3KBP1,
ADRA1A,P35348,ADRA1A,
AUP1,Q9Y679,AUP1,
PAICS,P22234,PAICS,
HPX,P02790,HPX,
LOXL3,P58215,LOXL3,
CDH7,Q9ULB5,CDH7,
NDE1,Q9NXR1,NDE1,
TDGF1,P13385,TDGF1,
CBFB,Q13951,CBFB,
CD69,Q07108,CD69,
ITPKB,P27987,ITPKB,
NDEL1,Q9GZM8,NDEL1,
MSR1,P21757,MSR1,
PIK3CB,P42338,PIK3CB,
IL18RAP,O95256,IL18RAP,
RNF24,Q9Y225,RNF24,
ABI3,Q9P2A4,ABI3,
RAMP1,O60894,RAMP1,
PLD2,O14939,PLD2,
CSF2,P04141,CSF2,
PECAM1,P16284,PECAM1,
TUBA4A,P68366,TUBA4A,
CXCL8,P10145,CXCL8,
C1QTNF9,P0C862,C1QTNF9,
GNPTAB,Q3T906,GNPTAB,
APOC1,P02654,APOC1,
CCL19,Q99731,CCL19,
NPTN,Q9Y639,NPTN,
TMEM62,Q0P6H9,TMEM62,
FHL2,Q14192,FHL2,
LRP3,O75074,LRP3,
NOTCH2,Q04721,NOTCH2,
TIAM1,Q13009,TIAM1,
CNDP1,Q96KN2,CNDP1,
FGG,P02679,FGG,
SLC4A8,Q2Y0W8,SLC4A8,
DBN1,Q16643,DBN1,
CD44,P16070,CD44,
IL21R,Q9HBE5,IL21R,
SERPINB12,Q96P63,SERPINB12,
LAMA5,O15230,LAMA5,
TFPI2,P48307,TFPI2,
XRCC6,P12956,XRCC6,
BCAM,P50895,BCAM,
MIB1,Q86YT6,MIB1,
PRKAR2B,P31323,PRKAR2B,
TPP1,O14773,TPP1,
SEC23IP,Q9Y6Y8,SEC23IP,
MPO,P05164,MPO,
SPATA20,Q8TB22,SPATA20,
FUT4,P22083,FUT4,
PSMC3,P17980,PSMC3,
MTHFD1L,Q6UB35,MTHFD1L,
EDN1,P05305,EDN1,
FGB,P02675,FGB,
NMT1,P30419,NMT1,
IRGM,A1A4Y4,IRGM,
PCDH10,Q9P2E7,PCDH10,
USP6,P35125,USP6,
ACTN3,Q08043,ACTN3,
PDE4A,P27815,PDE4A,
BCL2L11,O43521,BCL2L11,
MTHFD1,P11586,MTHFD1,
PIGM,Q9H3S5,PIGM,
PPIP5K2,O43314,PPIP5K2,
MAGED1,Q9Y5V3,MAGED1,
LASP1,Q14847,LASP1,
NMUR1,Q9HB89,NMUR1,
NOX4,Q9NPH5,NOX4,
NTRK1,P04629,NTRK1,
RIPK2,O43353,RIPK2,
FBXL8,Q96CD0,FBXL8,
GGH,Q92820,GGH,
IDE,P14735,IDE,
CHIA,Q9BZP6,CHIA,
RAB33B,Q9H082,RAB33B,
IL2RA,P01589,IL2RA,
HBS1L,Q9Y450,HBS1L,
PIK3R5,Q8WYR1,PIK3R5,
CCL28,Q9NRJ3,CCL28,
NCK1,P16333,NCK1,
MAPK14,Q16539,MAPK14,
SEMA3F,Q13275,SEMA3F,
ITGB4,P16144,ITGB4,
MINDY2,Q8NBR6,MINDY2,
PRSS1,P07477,PRSS1,
GJD3,Q8N144,GJD3,
SEPT7,Q16181,SEPT7,
ZNF16,P17020,ZNF16,
IGSF5,Q9NSI5,IGSF5,
BMI1,P35226,BMI1,
ARF5,P84085,ARF5,
LRP2,P98164,LRP2,
DTL,Q9NZJ0,DTL,
RIPK1,Q13546,RIPK1,
BIRC6,Q9NR09,BIRC6,
STX8,Q9UNK0,STX8,
IL12A,P29459,IL12A,
TXNDC5,Q8NBS9,TXNDC5,
DHRSX,Q8N5I4,DHRSX,
DHX38,Q92620,DHX38,
RHEBL1,Q8TAI7,RHEBL1,
LAMP3,Q9UQV4,LAMP3,
PDE3A,Q14432,PDE3A,
NECTIN3,Q9NQS3,NECTIN3,
SLPI,P03973,SLPI,
PLOD3,O60568,PLOD3,
HEG1,Q9ULI3,HEG1,
ITIH4,Q14624,ITIH4,
GSTM2,P28161,GSTM2,
SLAMF7,Q9NQ25,SLAMF7,
TJP1,Q07157,TJP1,
ARHGAP39,Q9C0H5,ARHGAP39,
ABCC8,Q09428,ABCC8,
TMOD3,Q9NYL9,TMOD3,
CCK,P06307,CCK,
CYLD,Q9NQC7,CYLD,
ARL8A,Q96BM9,ARL8A,
UGT1A9,O60656,UGT1A9,
TBX21,Q9UL17,TBX21,
TTYH1,Q9H313,TTYH1,
DUOX2,Q9NRD8,DUOX2,
SLC8A1,P32418,SLC8A1,
YARS,P54577,YARS,
DLL1,O00548,DLL1,
SPOCK3,Q9BQ16,SPOCK3,
BMP3,P12645,BMP3,
CLCA2,Q9UQC9,CLCA2,
DHH,O43323,DHH,
ABCF2,Q9UG63,ABCF2,
PTPRZ1,P23471,PTPRZ1,
GRAP2,O75791,GRAP2,
DYNC1LI2,O43237,DYNC1LI2,
TPH1,P17752,TPH1,
PJA1,Q8NG27,PJA1,
SCN4B,Q8IWT1,SCN4B,
RGS16,O15492,RGS16,
SFTPD,P35247,SFTPD,
TRBV7-9,P04435,TRBV7-9,
GFRA1,P56159,GFRA1,
GATA3,P23771,GATA3,
RPS6KC1,Q96S38,RPS6KC1,
RAB26,Q9ULW5,RAB26,
EPO,P01588,EPO,
CTHRC1,Q96CG8,CTHRC1,
LILRA3,Q8N6C8,LILRA3,
HSD3B1,P14060,HSD3B1,
ST8SIA5,O15466,ST8SIA5,
BAIAP2,Q9UQB8,BAIAP2,
IGHM,P01871,IGHM,
SIGLEC10,Q96LC7,SIGLEC10,
SERPINF2,P08697,SERPINF2,
GSN,P06396,GSN,
SIPA1L3,O60292,SIPA1L3,
DNASE1,P24855,DNASE1,
MAP2K2,P36507,MAP2K2,
ATG16L1,Q676U5,ATG16L1,
PKM,P14618,PKM,
MAST2,Q6P0Q8,MAST2,
MAG,P20916,MAG,
TNFSF4,P23510,TNFSF4,
UBA52,P62987,UBA52,
CSK,P41240,CSK,
GIP,P09681,GIP,
PNP,P00491,PNP,
VAPA,Q9P0L0,VAPA,
OVGP1,Q12889,OVGP1,
TREM2,Q9NZC2,TREM2,
PARD6B,Q9BYG5,PARD6B,
SYVN1,Q86TM6,SYVN1,
RFC5,P40937,RFC5,
CHRM2,P08172,CHRM2,
JAML,Q86YT9,JAML,
ITGA10,O75578,ITGA10,
STXBP1,P61764,STXBP1,
PIGQ,Q9BRB3,PIGQ,
RAB27B,O00194,RAB27B,
CCL3,P10147,CCL3,
PCDHA6,Q9UN73,PCDHA6,
INPP5K,Q9BT40,INPP5K,
MEN1,O00255,MEN1,
ARL6IP1,Q15041,ARL6IP1,
NID2,Q14112,NID2,
GALNT5,Q7Z7M9,GALNT5,
HTR6,P50406,HTR6,
ABCA12,Q86UK0,ABCA12,
CCN3,P48745,CCN3,
AVPR2,P30518,AVPR2,
CRCP,O75575,CRCP,
GIPR,P48546,GIPR,
TRPV4,Q9HBA0,TRPV4,
TUBB,P07437,TUBB,
PON1,P27169,PON1,
GAK,O14976,GAK,
MFN2,O95140,MFN2,
PPARD,Q03181,PPARD,
GDF5,P43026,GDF5,
IL27RA,Q6UWB1,IL27RA,
HLA-E,P13747,HLA-E,
STAB1,Q9NY15,STAB1,
PPFIA1,Q13136,PPFIA1,
IGF2,P01344,IGF2,
FLOT1,O75955,FLOT1,
RNF144A,P50876,RNF144A,
NUDT16L1,Q9BRJ7,NUDT16L1,
PAK3,O75914,PAK3,
LRFN3,Q9BTN0,LRFN3,
IL37,Q9NZH6,IL37,
HMOX2,P30519,HMOX2,
DMPK,Q09013,DMPK,
RGR,P47804,RGR,
FLT3,P36888,FLT3,
PRMT8,Q9NR22,PRMT8,
EDA2R,Q9HAV5,EDA2R,
SORT1,Q99523,SORT1,
AMOTL1,Q8IY63,AMOTL1,
CDH9,Q9ULB4,CDH9,
CCL2,P13500,CCL2,
SCARB2,Q14108,SCARB2,
LAMA2,P24043,LAMA2,
MEGF10,Q96KG7,MEGF10,
PLN,P26678,PLN,
GPM6A,P51674,GPM6A,
GDI2,P50395,GDI2,
PFN1,P07737,PFN1,
TRPC7,Q9HCX4,TRPC7,
TNFRSF10B,O14763,TNFRSF10B,
ABCA1,O95477,ABCA1,
CD5,P06127,CD5,
RAB40B,Q12829,RAB40B,
GALNT3,Q14435,GALNT3,
NRXN2,Q9P2S2,NRXN2,
CST9L,Q9H4G1,CST9L,
CPAMD8,Q8IZJ3,CPAMD8,
TRAF5,O00463,TRAF5,
HLA-B,P30490,HLA-B,
STK16,O75716,STK16,
CCS,O14618,CCS,
CYP27A1,Q02318,CYP27A1,
RASGRP2,Q7LDG7,RASGRP2,
EGFR,P00533,EGFR,
ASAP2,O43150,ASAP2,
SLC22A17,Q8WUG5,SLC22A17,
S100A12,P80511,S100A12,
GGCX,P38435,GGCX,
PRSS50,Q9UI38,PRSS50,
SYNJ2BP,P57105,SYNJ2BP,
KIF20A,O95235,KIF20A,
IFNA13,P01562,IFNA13,
LAMA4,Q16363,LAMA4,
HSP90AB1,P08238,HSP90AB1,
EIF2AK3,Q9NZJ5,EIF2AK3,
WNT9A,O14904,WNT9A,
MT-CO3,P00414,MT-CO3,
ELANE,P08246,ELANE,
MFNG,O00587,MFNG,
PODXL,O00592,PODXL,
WFDC2,Q14508,WFDC2,
ITGB1,P05556,ITGB1,
RNF34,Q969K3,RNF34,
TPM2,P07951,TPM2,
CFB,P00751,CFB,
MAP2K3,P46734,MAP2K3,
MKLN1,Q9UL63,MKLN1,
EXTL3,O43909,EXTL3,
PTPRF,P10586,PTPRF,
PIP4K2A,P48426,PIP4K2A,
GNA13,Q14344,GNA13,
WISP2,O76076,WISP2,
PLCB1,Q9NQ66,PLCB1,
HK2,P52789,HK2,
SLC22A11,Q9NSA0,SLC22A11,
CMTM8,Q8IZV2,CMTM8,
VEGFC,P49767,VEGFC,
PKD2,Q13563,PKD2,
ZFP36L1,Q07352,ZFP36L1,
SPINT1,O43278,SPINT1,
MTA2,O94776,MTA2,
GDNF,P39905,GDNF,
GH1,P01241,GH1,
LRP8,Q14114,LRP8,
SLC6A2,P23975,SLC6A2,
RNF125,Q96EQ8,RNF125,
BCAR1,P56945,BCAR1,
RAPGEF3,O95398,RAPGEF3,
DNAJC9,Q8WXX5,DNAJC9,
MSTN,O14793,MSTN,
F11R,Q9Y624,F11R,
STAMBPL1,Q96FJ0,STAMBPL1,
LAMC1,P11047,LAMC1,
FOXP3,Q9BZS1,FOXP3,
GRID2,O43424,GRID2,
PRRC1,Q96M27,PRRC1,
TRIM72,Q6ZMU5,TRIM72,
PCDHA11,Q9Y5I1,PCDHA11,
RAB12,Q6IQ22,RAB12,
PRSS23,O95084,PRSS23,
LCN1,P31025,LCN1,
FBLN1,P23142,FBLN1,
NUP62,P37198,NUP62,
CASP3,P42574,CASP3,
ITGB7,P26010,ITGB7,
COL4A6,Q14031,COL4A6,
FKBP2,P26885,FKBP2,
GALNT6,Q8NCL4,GALNT6,
AHCYL1,O43865,AHCYL1,
C1GALT1C1,Q96EU7,C1GALT1C1,
SMARCA2,P51531,SMARCA2,
PRNP,P04156,PRNP,
LPXN,O60711,LPXN,
RAB5B,P61020,RAB5B,
DIO2,Q92813,DIO2,
EEF1AKMT4-ECE2,P0DPD8,EEF1AKMT4-ECE2,
NOTCH1,P46531,NOTCH1,
VPS4A,Q9UN37,VPS4A,
ANGPTL8,Q6UXH0,ANGPTL8,
APLF,Q8IW19,APLF,
TNFRSF10D,Q9UBN6,TNFRSF10D,
ADAM23,O75077,ADAM23,
PIP5K1A,Q99755,PIP5K1A,
SHARPIN,Q9H0F6,SHARPIN,
RNF128,Q8TEB7,RNF128,
CXCL3,P19876,CXCL3,
PAM,P19021,PAM,
CD300C,Q08708,CD300C,
NABP2,Q9BQ15,NABP2,
PLSCR1,O15162,PLSCR1,
GP9,P14770,GP9,
PDGFRL,Q15198,PDGFRL,
ADAMTS5,Q9UNA0,ADAMTS5,
MAL,P21145,MAL,
FCER1G,P30273,FCER1G,
MYPN,Q86TC9,MYPN,
EXD3,Q8N9H8,EXD3,
SLC29A3,Q9BZD2,SLC29A3,
GBP5,Q96PP8,GBP5,
IL11,P20809,IL11,
GNAO1,P09471,GNAO1,
SPACA3,Q8IXA5,SPACA3,
CLEC2D,Q9UHP7,CLEC2D,
HCRT,O43612,HCRT,
CUBN,O60494,CUBN,
SERPINA1,P01009,SERPINA1,
MT-RNR2,Q8IVG9,MT-RNR2,
APOC2,P02655,APOC2,
CLEC2A,Q6UVW9,CLEC2A,
OSTN,P61366,OSTN,
SERPINB1,P30740,SERPINB1,
COQ2,Q96H96,COQ2,
HTR1F,P30939,HTR1F,
KDELC2,Q7Z4H8,KDELC2,
NID1,P14543,NID1,
PCDHA2,Q9Y5H9,PCDHA2,
PKN1,Q16512,PKN1,
NCF1,P14598,NCF1,
FCGR3A,P08637,FCGR3A,
ANXA2P2,A6NMY6,ANXA2P2,
CCND2,P30279,CCND2,
GPC3,P51654,GPC3,
RIMS1,Q86UR5,RIMS1,
ZNRF1,Q8ND25,ZNRF1,
FIBP,O43427,FIBP,
P4HA3,Q7Z4N8,P4HA3,
GSTK1,Q9Y2Q3,GSTK1,
DNAJC3,Q13217,DNAJC3,
CD9,P21926,CD9,
KLK5,Q9Y337,KLK5,
CXCL1,P09341,CXCL1,
NME1,P15531,NME1,
SPINK2,P20155,SPINK2,
ANXA3,P12429,ANXA3,
CYP19A1,P11511,CYP19A1,
PKP4,Q99569,PKP4,
GJA5,P36382,GJA5,
FCGR3B,O75015,FCGR3B,
CD247,P20963,CD247,
LPAR2,Q9HBW0,LPAR2,
GLT1D1,Q96MS3,GLT1D1,
BCL6,P41182,BCL6,
PTPRJ,Q12913,PTPRJ,
PARK7,Q99497,PARK7,
LGR6,Q9HBX8,LGR6,
LINGO1,Q96FE5,LINGO1,
EPHA5,P54756,EPHA5,
SGSM3,Q96HU1,SGSM3,
ORAI1,Q96D31,ORAI1,
PLXNC1,O60486,PLXNC1,
DYNC1LI1,Q9Y6G9,DYNC1LI1,
HCN4,Q9Y3Q4,HCN4,
WNK1,Q9H4A3,WNK1,
GRK6,P43250,GRK6,
RALGAPA1,Q6GYQ0,RALGAPA1,
NLGN2,Q8NFZ4,NLGN2,
ANGPTL3,Q9Y5C1,ANGPTL3,
SDHD,O14521,SDHD,
HAS2,Q92819,HAS2,
MTMR1,Q13613,MTMR1,
LARGE1,O95461,LARGE1,
C5,P01031,C5,
FLRT2,O43155,FLRT2,
WASL,O00401,WASL,
F7,P08709,F7,
STXBP3,O00186,STXBP3,
ERO1B,Q86YB8,ERO1B,
ACSL3,O95573,ACSL3,
SSTR1,P30872,SSTR1,
C4BPA,P04003,C4BPA,
PIGP,P57054,PIGP,
ARHGEF12,Q9NZN5,ARHGEF12,
GIT1,Q9Y2X7,GIT1,
SMAD3,P84022,SMAD3,
CGNL1,Q0VF96,CGNL1,
GDE1,Q9NZC3,GDE1,
TMEM11,P17152,TMEM11,
KLK3,P07288,KLK3,
GP6,Q9HCN6,GP6,
RDH11,Q8TC12,RDH11,
KIR2DS5,Q14953,KIR2DS5,
HACE1,Q8IYU2,HACE1,
SEC11A,P67812,SEC11A,
NEGR1,Q7Z3B1,NEGR1,
RTN4IP1,Q8WWV3,RTN4IP1,
GHRHR,Q02643,GHRHR,
TFR2,Q9UP52,TFR2,
GLMN,Q92990,GLMN,
F3,P13726,F3,
SH3BP4,Q9P0V3,SH3BP4,
RHOT1,Q8IXI2,RHOT1,
COMT,P21964,COMT,
SPRY1,O43609,SPRY1,
PGLYRP3,Q96LB9,PGLYRP3,
ULK2,Q8IYT8,ULK2,
AAK1,Q2M2I8,AAK1,
IL15,P40933,IL15,
CIITA,P33076,CIITA,
DAPK3,O43293,DAPK3,
OXT,P01178,OXT,
ARHGEF11,O15085,ARHGEF11,
OXTR,P30559,OXTR,
CDK1,P06493,CDK1,
MALT1,Q9UDY8,MALT1,
RCC2,Q9P258,RCC2,
CD160,O95971,CD160,
GRM5,P41594,GRM5,
CHRNE,Q04844,CHRNE,
CTSV,O60911,CTSV,
CALCB,P10092,CALCB,
CD300LB,A8K4G0,CD300LB,
ARHGEF1,Q92888,ARHGEF1,
KCNJ11,Q14654,KCNJ11,
CAST,P20810,CAST,
ATIC,P31939,ATIC,
FER,P16591,FER,
CALCA,P06881,CALCA,
KLRF2,D3W0D1,KLRF2,
FLRT3,Q9NZU0,FLRT3,
WNT2B,Q93097,WNT2B,
TPCN1,Q9ULQ1,TPCN1,
L1CAM,P32004,L1CAM,
COL8A2,P25067,COL8A2,
CFI,P05156,CFI,
MIA3,Q5JRA6,MIA3,
SPON1,Q9HCB6,SPON1,
ADAMTSL5,Q6ZMM2,ADAMTSL5,
ARTN,Q5T4W7,ARTN,
DOCK2,Q92608,DOCK2,
XBP1,P17861,XBP1,
LIF,P15018,LIF,
CDC42,P60953,CDC42,
BMP8B,P34820,BMP8B,
NAGPA,Q9UK23,NAGPA,
UNC5B,Q8IZJ1,UNC5B,
PCSK7,Q16549,PCSK7,
SLC25A13,Q9UJS0,SLC25A13,
HJV,Q6ZVN8,HJV,
TSPAN13,O95857,TSPAN13,
GSTM4,Q03013,GSTM4,
MARCH2,Q9P0N8,MARCH2,
APOA5,Q6Q788,APOA5,
PGRMC1,O00264,PGRMC1,
FAH,P16930,FAH,
RECQL,P46063,RECQL,
UBB,P0CG47,UBB,
UMOD,P07911,UMOD,
FGD1,P98174,FGD1,
HLA-A,P01891,HLA-A,
MT-CO2,P00403,MT-CO2,
VAV3,Q9UKW4,VAV3,
CLDN4,O14493,CLDN4,
DVL2,O14641,DVL2,
MAPK3,P27361,MAPK3,
NES,P48681,NES,
TSHB,P01222,TSHB,
IFNA2,P01563,IFNA2,
RTN4,Q9NQC3,RTN4,
CNTN5,O94779,CNTN5,
RDX,P35241,RDX,
KLB,Q86Z14,KLB,
LDHA,P00338,LDHA,
CASP8,Q14790,CASP8,
SCD,O00767,SCD,
YES1,P07947,YES1,
NDUFB10,O96000,NDUFB10,
TAB2,Q9NYJ8,TAB2,
F12,P00748,F12,
IL17B,Q9UHF5,IL17B,
MYH14,Q7Z406,MYH14,
MARCKS,P29966,MARCKS,
GJB6,O95452,GJB6,
LIPH,Q8WWY8,LIPH,
GRM2,Q14416,GRM2,
CMAS,Q8NFW8,CMAS,
COX6C,P09669,COX6C,
GZMK,P49863,GZMK,
SPRY4,Q9C004,SPRY4,
TIAM2,Q8IVF5,TIAM2,
PIP4K2C,Q8TBX8,PIP4K2C,
KLK6,Q92876,KLK6,
SNX18,Q96RF0,SNX18,
RAMP2,O60895,RAMP2,
KARS,Q15046,KARS,
RHBDD2,Q6NTF9,RHBDD2,
OCRL,Q01968,OCRL,
BGLAP,P02818,BGLAP,
NPR1,P16066,NPR1,
DSG2,Q14126,DSG2,
MMP1,P03956,MMP1,
MUC20,Q8N307,MUC20,
GRIN2D,O15399,GRIN2D,
CD68,P34810,CD68,
ADAM12,O43184,ADAM12,
PDE2A,O00408,PDE2A,
PPP1R3B,Q86XI6,PPP1R3B,
ATP5PD,O75947,ATP5PD,
RLN3,Q8WXF3,RLN3,
PDCD2,Q16342,PDCD2,
F8,P00451,F8,
GAPVD1,Q14C86,GAPVD1,
DPP4,P27487,DPP4,
SFRP2,Q96HF1,SFRP2,
MRAS,O14807,MRAS,
WNT7B,P56706,WNT7B,
GLI3,P10071,GLI3,
FARSB,Q9NSD9,FARSB,
GBP2,P32456,GBP2,
BID,P55957,BID,
NDUFB5,O43674,NDUFB5,
CDHR5,Q9HBB8,CDHR5,
FCAR,P24071,FCAR,
GRM1,Q13255,GRM1,
TGFBR1,P36897,TGFBR1,
DCC,P43146,DCC,
SIL1,Q9H173,SIL1,
PPBP,P02775,PPBP,
CHTF18,Q8WVB6,CHTF18,
CCL16,O15467,CCL16,
IKBKB,O14920,IKBKB,
FRMD4B,Q9Y2L6,FRMD4B,
PTP4A2,Q12974,PTP4A2,
C1GALT1,Q9NS00,C1GALT1,
EFNA4,P52798,EFNA4,
ALOX5,P09917,ALOX5,
ENOX1,Q8TC92,ENOX1,
LFNG,Q8NES3,LFNG,
SLC26A8,Q96RN1,SLC26A8,
ITGB5,P18084,ITGB5,
GOLPH3,Q9H4A6,GOLPH3,
CAD,P27708,CAD,
USB1,Q9BQ65,USB1,
ECT2,Q9H8V3,ECT2,
GATM,P50440,GATM,
ERN1,O75460,ERN1,
MAPKAP1,Q9BPZ7,MAPKAP1,
LAMP1,P11279,LAMP1,
CDH12,P55289,CDH12,
CLK3,P49761,CLK3,
PTCH2,Q9Y6C5,PTCH2,
DMP1,Q13316,DMP1,
ANXA5,P08758,ANXA5,
CHN2,P52757,CHN2,
HSPE1,P61604,HSPE1,
ITSN1,Q15811,ITSN1,
CD72,P21854,CD72,
KL,Q9UEF7,KL,
CYP39A1,Q9NYL5,CYP39A1,
FGF10,O15520,FGF10,
NOXO1,Q8NFA2,NOXO1,
KIF2A,O00139,KIF2A,
EDN2,P20800,EDN2,
SPP1,P10451,SPP1,
RIMBP2,O15034,RIMBP2,
VIPR2,P41587,VIPR2,
OPCML,Q14982,OPCML,
RELL2,Q8NC24,RELL2,
VKORC1,Q9BQB6,VKORC1,
PARP4,Q9UKK3,PARP4,
BUB1,O43683,BUB1,
LCN2,P80188,LCN2,
MX1,P20591,MX1,
FECH,P22830,FECH,
BTK,Q06187,BTK,
SHC1,P29353,SHC1,
ALDOA,P04075,ALDOA,
POLR2B,P30876,POLR2B,
VEGFB,P49765,VEGFB,
MAP4K2,Q12851,MAP4K2,
LOX,P28300,LOX,
SPTA1,P02549,SPTA1,
MYH9,P35579,MYH9,
OCLN,Q16625,OCLN,
S1PR4,O95977,S1PR4,
WFIKKN2,Q8TEU8,WFIKKN2,
PDCD10,Q9BUL8,PDCD10,
PON2,Q15165,PON2,
PROKR2,Q8NFJ6,PROKR2,
GNS,P15586,GNS,
FBXO5,Q9UKT4,FBXO5,
CLDN16,Q9Y5I7,CLDN16,
KSR1,Q8IVT5,KSR1,
PROCR,Q9UNN8,PROCR,
NDUFA4,O00483,NDUFA4,
RNF167,Q9H6Y7,RNF167,
RAB3B,P20337,RAB3B,
GUCA2A,Q02747,GUCA2A,
PCOLCE,Q15113,PCOLCE,
DAGLA,Q9Y4D2,DAGLA,
CD55,P08174,CD55,
CDH18,Q13634,CDH18,
RNH1,P13489,RNH1,
CHST9,Q7L1S5,CHST9,
ROCK2,O75116,ROCK2,
OBSCN,Q5VST9,OBSCN,
MFN1,Q8IWA4,MFN1,
PLA1A,Q53H76,PLA1A,
FPR2,P25090,FPR2,
ITGAL,P20701,ITGAL,
DNASE1L2,Q92874,DNASE1L2,
SCNN1G,P51170,SCNN1G,
RXFP2,Q8WXD0,RXFP2,
SCUBE1,Q8IWY4,SCUBE1,
ADGRG1,Q9Y653,ADGRG1,
GJB3,O75712,GJB3,
RSPO1,Q2MKA7,RSPO1,
ATP1A1,P05023,ATP1A1,
CYP2W1,Q8TAV3,CYP2W1,
EPRS,P07814,EPRS,
LIME1,Q9H400,LIME1,
IL32,P24001,IL32,
TXNRD1,Q16881,TXNRD1,
ZYX,Q15942,ZYX,
DDX42,Q86XP3,DDX42,
TNFRSF8,P28908,TNFRSF8,
CST7,O76096,CST7,
PARVB,Q9HBI1,PARVB,
FSTL3,O95633,FSTL3,
NAV2,Q8IVL1,NAV2,
NDUFA1,O15239,NDUFA1,
ATAT1,Q5SQI0,ATAT1,
ENO2,P09104,ENO2,
DLG5,Q8TDM6,DLG5,
AREG,P15514,AREG,
GSTM5,P46439,GSTM5,
MAEA,Q7L5Y9,MAEA,
KCNJ4,P48050,KCNJ4,
AIFM1,O95831,AIFM1,
ADAM15,Q13444,ADAM15,
HYAL2,Q12891,HYAL2,
CD3D,P04234,CD3D,
ADGRL1,O94910,ADGRL1,
CSF3R,Q99062,CSF3R,
MAST1,Q9Y2H9,MAST1,
DNHD1,Q96M86,DNHD1,
IL2,P60568,IL2,
RAP1B,P61224,RAP1B,
SYNPO,Q8N3V7,SYNPO,
RAB7A,P51149,RAB7A,
VWF,P04275,VWF,
PIP5KL1,Q5T9C9,PIP5KL1,
ACP2,P11117,ACP2,
STK11,Q15831,STK11,
EXOSC10,Q01780,EXOSC10,
WNK3,Q9BYP7,WNK3,
HEXIM1,O94992,HEXIM1,
SEMA4B,Q9NPR2,SEMA4B,
UGGT1,Q9NYU2,UGGT1,
SSTR5,P35346,SSTR5,
TRPV6,Q9H1D0,TRPV6,
RAB25,P57735,RAB25,
SREBF2,Q12772,SREBF2,
CASP1,P29466,CASP1,
INHBA,P08476,INHBA,
SORD,Q00796,SORD,
COL6A1,P12109,COL6A1,
MAGI1,Q96QZ7,MAGI1,
SCNN1A,P37088,SCNN1A,
ACACB,O00763,ACACB,
MIA,Q16674,MIA,
MAPK1,P28482,MAPK1,
PAG1,Q9NWQ8,PAG1,
FBXO2,Q9UK22,FBXO2,
SLC8A2,Q9UPR5,SLC8A2,
MRC1,P22897,MRC1,
NEU1,Q99519,NEU1,
RELA,Q04206,RELA,
NDUFC2,O95298,NDUFC2,
CXCL11,O14625,CXCL11,
CDH19,Q9H159,CDH19,
LGALS3BP,Q08380,LGALS3BP,
PCDHA1,Q9Y5I3,PCDHA1,
TSPAN7,P41732,TSPAN7,
LSG1,Q9H089,LSG1,
CDK9,P50750,CDK9,
MOG,Q16653,MOG,
BDNF,P23560,BDNF,
UBN1,Q9NPG3,UBN1,
RAPGEF2,Q9Y4G8,RAPGEF2,
XRN1,Q8IZH2,XRN1,
VEGFA,P15692,VEGFA,
GNG4,P50150,GNG4,
SFN,P31947,SFN,
ADCY3,O60266,ADCY3,
AKT2,P31751,AKT2,
RPS7,P62081,RPS7,
KLC1,Q07866,KLC1,
CHRNA3,P32297,CHRNA3,
FZD8,Q9H461,FZD8,
USP28,Q96RU2,USP28,
LCK,P06239,LCK,
NMT2,O60551,NMT2,
DDX46,Q7L014,DDX46,
PTRH2,Q9Y3E5,PTRH2,
CDK6,Q00534,CDK6,
GPR182,O15218,GPR182,
DCHS1,Q96JQ0,DCHS1,
CTSH,P09668,CTSH,
IGSF21,Q96ID5,IGSF21,
HSPA2,P54652,HSPA2,
ITIH2,P19823,ITIH2,
MICALL2,Q8IY33,MICALL2,
RASL12,Q9NYN1,RASL12,
UBR5,O95071,UBR5,
NF1,P21359,NF1,
CD6,P30203,CD6,
CGN,Q9P2M7,CGN,
AVP,P01185,AVP,
LILRA4,P59901,LILRA4,
UCN,P55089,UCN,
GLI2,P10070,GLI2,
MMP25,Q9NPA2,MMP25,
COX8A,P10176,COX8A,
SIGLEC7,Q9Y286,SIGLEC7,
CD63,P08962,CD63,
HADHB,P55084,HADHB,
LCAT,P04180,LCAT,
AARS,P49588,AARS,
CTNND1,O60716,CTNND1,
CNOT1,A5YKK6,CNOT1,
SCT,P09683,SCT,
PHLPP1,O60346,PHLPP1,
AKT3,Q9Y243,AKT3,
GH2,P01242,GH2,
PRKRA,O75569,PRKRA,
GALNTL5,Q7Z4T8,GALNTL5,
SCPEP1,Q9HB40,SCPEP1,
PPP2R2B,Q00005,PPP2R2B,
GK,P32189,GK,
IPO7,O95373,IPO7,
HELZ2,Q9BYK8,HELZ2,
RNF5,Q99942,RNF5,
NPY,P01303,NPY,
RAB32,Q13637,RAB32,
PNLIP,P16233,PNLIP,
FKBP1A,P62942,FKBP1A,
KIFC3,Q9BVG8,KIFC3,
PFKL,P17858,PFKL,
LY86,O95711,LY86,
HSPB1,P04792,HSPB1,
ADRB2,P07550,ADRB2,
IL1A,P01583,IL1A,
HCRTR1,O43613,HCRTR1,
RNASE2,P10153,RNASE2,
TSC1,Q92574,TSC1,
DNAJB4,Q9UDY4,DNAJB4,
GJB2,P29033,GJB2,
ABCC4,O15439,ABCC4,
TNNT3,P45378,TNNT3,
KIR2DS3,Q14952,KIR2DS3,
IL6R,P08887,IL6R,
IQSEC1,Q6DN90,IQSEC1,
RAB8A,P61006,RAB8A,
CD300E,Q496F6,CD300E,
CRLF1,O75462,CRLF1,
TNFRSF18,Q9Y5U5,TNFRSF18,
SDHC,Q99643,SDHC,
PRL,P01236,PRL,
HTT,P42858,HTT,
UGT1A1,P22309,UGT1A1,
ERAP1,Q9NZ08,ERAP1,
POLD1,P28340,POLD1,
SERPINA10,Q9UK55,SERPINA10,
MYLIP,Q8WY64,MYLIP,
MPZL1,O95297,MPZL1,
ST6GALNAC4,Q9H4F1,ST6GALNAC4,
TM7SF2,O76062,TM7SF2,
HPCA,P84074,HPCA,
GNA11,P29992,GNA11,
MYB,P10242,MYB,
ERCC6L,Q2NKX8,ERCC6L,
BLVRA,P53004,BLVRA,
GPX3,P22352,GPX3,
AKTIP,Q9H8T0,AKTIP,
CHST12,Q9NRB3,CHST12,
PTMA,P06454,PTMA,
MAOA,P21397,MAOA,
MIF,P14174,MIF,
TGFB3,P10600,TGFB3,
MYH7B,A7E2Y1,MYH7B,
PARG,Q86W56,PARG,
FGFR4,P22455,FGFR4,
INHBB,P09529,INHBB,
RFNG,Q9Y644,RFNG,
SLC27A1,Q6PCB7,SLC27A1,
GFRA3,O60609,GFRA3,
CCR1,P32246,CCR1,
BSG,P35613,BSG,
RPE65,Q16518,RPE65,
KIR2DL1,P43626,KIR2DL1,
RECK,O95980,RECK,
GNG7,O60262,GNG7,
IL7R,P16871,IL7R,
ADI1,Q9BV57,ADI1,
PDCD1,Q15116,PDCD1,
MGLL,Q99685,MGLL,
CPE,P16870,CPE,
HSP90AA1,P07900,HSP90AA1,
PEX1,O43933,PEX1,
LGR4,Q9BXB1,LGR4,
DUSP18,Q8NEJ0,DUSP18,
CDC6,Q99741,CDC6,
DOCK10,Q96BY6,DOCK10,
SEC23A,Q15436,SEC23A,
EDNRB,P24530,EDNRB,
NUDT9,Q9BW91,NUDT9,
TNFRSF19,Q9NS68,TNFRSF19,
NEXN,Q0ZGT2,NEXN,
BCL2L13,Q9BXK5,BCL2L13,
LALBA,P00709,LALBA,
ARFGEF3,Q5TH69,ARFGEF3,
PI3,P19957,PI3,
FGF8,P55075,FGF8,
DSC3,Q14574,DSC3,
AATK,Q6ZMQ8,AATK,
RGS3,P49796,RGS3,
KAT7,O95251,KAT7,
PTPN12,Q05209,PTPN12,
STK17A,Q9UEE5,STK17A,
B4GALT1,P15291,B4GALT1,
AVPR1A,P37288,AVPR1A,
KDM1A,O60341,KDM1A,
GBA,P04062,GBA,
RASA4,O43374,RASA4,
NFKBIZ,Q9BYH8,NFKBIZ,
COL5A2,P05997,COL5A2,
IQGAP1,P46940,IQGAP1,
PTDSS2,Q9BVG9,PTDSS2,
SEMA4C,Q9C0C4,SEMA4C,
MMP24,Q9Y5R2,MMP24,
PDPN,Q86YL7,PDPN,
PTPRG,P23470,PTPRG,
IL22,Q9GZX6,IL22,
INPP5E,Q9NRR6,INPP5E,
PSMB8,P28062,PSMB8,
RSPO2,Q6UXX9,RSPO2,
PIP,P12273,PIP,
NDUFA13,Q9P0J0,NDUFA13,
EPHB2,P29323,EPHB2,
TNFSF11,O14788,TNFSF11,
FZD1,Q9UP38,FZD1,
CHGB,P05060,CHGB,
ACE2,Q9BYF1,ACE2,
TGFBR3,Q03167,TGFBR3,
HMMR,O75330,HMMR,
INSR,P06213,INSR,
CSHL1,Q14406,CSHL1,
IFNAR1,P17181,IFNAR1,
COX10,Q12887,COX10,
CTDNEP1,O95476,CTDNEP1,
SNX9,Q9Y5X1,SNX9,
MAGT1,Q9H0U3,MAGT1,
ID1,P41134,ID1,
MYL6B,P14649,MYL6B,
CNTN2,Q02246,CNTN2,
ROR1,Q01973,ROR1,
PITPNM3,Q9BZ71,PITPNM3,
TSG101,Q99816,TSG101,
PDAP1,Q13442,PDAP1,
PJA2,O43164,PJA2,
GCG,P01275,GCG,
CDH13,P55290,CDH13,
ULBP2,Q9BZM5,ULBP2,
HP,P00738,HP,
APOH,P02749,APOH,
SAMD8,Q96LT4,SAMD8,
ADM,P35318,ADM,
BMP5,P22003,BMP5,
CCDC88A,Q3V6T2,CCDC88A,
GNG11,P61952,GNG11,
ATF2,P15336,ATF2,
ADCY7,P51828,ADCY7,
SMURF2,Q9HAU4,SMURF2,
LIPF,P07098,LIPF,
CRIPAK,Q8N1N5,CRIPAK,
MMP9,P14780,MMP9,
SPP2,Q13103,SPP2,
GCNT3,O95395,GCNT3,
CD34,P28906,CD34,
ECI2,O75521,ECI2,
TAAR1,Q96RJ0,TAAR1,
LRP11,Q86VZ4,LRP11,
MPP1,Q00013,MPP1,
DSC1,Q08554,DSC1,
PDE4D,Q08499,PDE4D,
GRN,P28799,GRN,
GFRA2,O00451,GFRA2,
SIGLEC5,O15389,SIGLEC5,
CCNY,Q8ND76,CCNY,
CXCL10,P02778,CXCL10,
VTN,P04004,VTN,
PDXP,Q96GD0,PDXP,
FIG4,Q92562,FIG4,
FGFR1,P11362,FGFR1,
PTGDR,Q13258,PTGDR,
NAT10,Q9H0A0,NAT10,
ADAMTS13,Q76LX8,ADAMTS13,
ECSIT,Q9BQ95,ECSIT,
HERPUD1,Q15011,HERPUD1,
HS3ST1,O14792,HS3ST1,
ST3GAL2,Q16842,ST3GAL2,
LEPROT,O15243,LEPROT,
SPHK2,Q9NRA0,SPHK2,
TES,Q9UGI8,TES,
RACK1,P63244,RACK1,
RAB7B,Q96AH8,RAB7B,
TTN,Q8WZ42,TTN,
MGAM,O43451,MGAM,
MAP4K4,O95819,MAP4K4,
GSTM3,P21266,GSTM3,
HM13,Q8TCT9,HM13,
ADAM2,Q99965,ADAM2,
DNM2,P50570,DNM2,
ELOVL3,Q9HB03,ELOVL3,
STS,P08842,STS,
CYSLTR1,Q9Y271,CYSLTR1,
IGF1,P05019,IGF1,
TLR6,Q9Y2C9,TLR6,
LRRC8E,Q6NSJ5,LRRC8E,
CSTA,P01040,CSTA,
COL4A2,P08572,COL4A2,
COL6A3,P12111,COL6A3,
SPRY3,O43610,SPRY3,
AK6,Q9Y3D8,AK6,
ENAH,Q8N8S7,ENAH,
NRXN1,P58400,NRXN1,
VAV1,P15498,VAV1,
NODAL,Q96S42,NODAL,
P2RY1,P47900,P2RY1,
RC3H1,Q5TC82,RC3H1,
TCL1B,O95988,TCL1B,
RPN1,P04843,RPN1,
NAE1,Q13564,NAE1,
HLA-DPA1,P20036,HLA-DPA1,
AFDN,P55196,AFDN,
AGO3,Q9H9G7,AGO3,
BCL2,P10415,BCL2,
C4A,P0C0L4,C4A,
SERPINI1,Q99574,SERPINI1,
OLA1,Q9NTK5,OLA1,
PTK2B,Q14289,PTK2B,
CLDN19,Q8N6F1,CLDN19,
PPM1L,Q5SGD2,PPM1L,
HS2ST1,Q7LGA3,HS2ST1,
CLN3,Q13286,CLN3,
WRNIP1,Q96S55,WRNIP1,
RGS5,O15539,RGS5,
PRCP,P42785,PRCP,
CCND3,P30281,CCND3,
SLN,O00631,SLN,
PRKACG,P22612,PRKACG,
LRRC8B,Q6P9F7,LRRC8B,
CHIT1,Q13231,CHIT1,
BMP10,O95393,BMP10,
AQP5,P55064,AQP5,
SLURP1,P55000,SLURP1,
OGA,O60502,OGA,
WNT6,Q9Y6F9,WNT6,
FYN,P06241,FYN,
FASLG,P48023,FASLG,
GRK5,P34947,GRK5,
CD248,Q9HCU0,CD248,
MAP4K1,Q92918,MAP4K1,
STRN,O43815,STRN,
NOXA1,Q86UR1,NOXA1,
PIGG,Q5H8A4,PIGG,
UQCRC2,P22695,UQCRC2,
DDX54,Q8TDD1,DDX54,
FGF18,O76093,FGF18,
COL3A1,P02461,COL3A1,
SLC27A6,Q9Y2P4,SLC27A6,
FOXRED1,Q96CU9,FOXRED1,
TXNDC12,O95881,TXNDC12,
CTRB1,P17538,CTRB1,
SHBG,P04278,SHBG,
REM1,O75628,REM1,
CHRNG,P07510,CHRNG,
MARK3,P27448,MARK3,
FGL1,Q08830,FGL1,
GAPDH,P04406,GAPDH,
COX4I1,P13073,COX4I1,
VASN,Q6EMK4,VASN,
ADIPOQ,Q15848,ADIPOQ,
GZMA,P12544,GZMA,
HADHA,P40939,HADHA,
ILK,Q13418,ILK,
PNPLA3,Q9NST1,PNPLA3,
HSPH1,Q92598,HSPH1,
GRB2,P62993,GRB2,
PGK1,P00558,PGK1,
RBP4,P02753,RBP4,
FGF12,P61328,FGF12,
BMP7,P18075,BMP7,
CNDP2,Q96KP4,CNDP2,
DRD5,P21918,DRD5,
ALG8,Q9BVK2,ALG8,
LTK,P29376,LTK,
BLK,P51451,BLK,
LONP1,P36776,LONP1,
ECE2,P0DPD6,ECE2,
NRG2,O14511,NRG2,
CD24,P25063,CD24,
TSPAN4,O14817,TSPAN4,
PDE3B,Q13370,PDE3B,
PDE6D,O43924,PDE6D,
YME1L1,Q96TA2,YME1L1,
AGRP,O00253,AGRP,
PLCE1,Q9P212,PLCE1,
UQCRQ,O14949,UQCRQ,
PAQR6,Q6TCH4,PAQR6,
ROS1,P08922,ROS1,
NUCB2,P80303,NUCB2,
SPINK5,Q9NQ38,SPINK5,
ABCC1,P33527,ABCC1,
GSTP1,P09211,GSTP1,
RASL10B,Q96S79,RASL10B,
PKP2,Q99959,PKP2,
UBASH3B,Q8TF42,UBASH3B,
TIMP4,Q99727,TIMP4,
GRIN1,Q05586,GRIN1,
CYP1A2,P05177,CYP1A2,
NPR2,P20594,NPR2,
PREB,Q9HCU5,PREB,
CD1A,P06126,CD1A,
IGFBP3,P17936,IGFBP3,
FZD4,Q9ULV1,FZD4,
VIP,P01282,VIP,
CALCA,P01258,CALCA,
CHRM1,P11229,CHRM1,
IL1B,P01584,IL1B,
GALC,P54803,GALC,
PSKH1,P11801,PSKH1,
WDR34,Q96EX3,WDR34,
WNT5A,P41221,WNT5A,
CHRNA5,P30532,CHRNA5,
LAYN,Q6UX15,LAYN,
SLC4A4,Q9Y6R1,SLC4A4,
PGLYRP4,Q96LB8,PGLYRP4,
HTR3A,P46098,HTR3A,
MMP8,P22894,MMP8,
CCL20,P78556,CCL20,
SCYL1,Q96KG9,SCYL1,
SRC,P12931,SRC,
FGF3,P11487,FGF3,
CDS2,O95674,CDS2,
DPM1,O60762,DPM1,
MMP3,P08254,MMP3,
AGAP2,Q99490,AGAP2,
FLT3LG,P49771,FLT3LG,
SNRNP200,O75643,SNRNP200,
ARG2,P78540,ARG2,
MAPK10,P53779,MAPK10,
CDC14A,Q9UNH5,CDC14A,
TUFM,P49411,TUFM,
CDK5R1,Q15078,CDK5R1,
COQ5,Q5HYK3,COQ5,
MTG1,Q9BT17,MTG1,
GNAT1,P11488,GNAT1,
NOSTRIN,Q8IVI9,NOSTRIN,
GGT7,Q9UJ14,GGT7,
IGHG1,P01857,IGHG1,
FAS,P25445,FAS,
ACOX1,Q15067,ACOX1,
IL23R,Q5VWK5,IL23R,
OR8B3,Q8NGG8,OR8B3,
LIMK1,P53667,LIMK1,
ERBB2,P04626,ERBB2,
NRXN3,Q9HDB5,NRXN3,
USP14,P54578,USP14,
KRT18,P05783,KRT18,
GPR37,O15354,GPR37,
CCNB1,P14635,CCNB1,
GPSM2,P81274,GPSM2,
GPR161,Q8N6U8,GPR161,
IARS,P41252,IARS,
RAB39B,Q96DA2,RAB39B,
PCDHA4,Q9UN74,PCDHA4,
ASIC3,Q9UHC3,ASIC3,
ZDHHC22,Q8N966,ZDHHC22,
THBS1,P07996,THBS1,
CD1E,P15812,CD1E,
PIK3R1,P27986,PIK3R1,
PDGFB,P01127,PDGFB,
CD209,Q9NNX6,CD209,
MAP3K3,Q99759,MAP3K3,
IFNGR2,P38484,IFNGR2,
ANGPTL2,Q9UKU9,ANGPTL2,
RHEB,Q15382,RHEB,
CRYM,Q14894,CRYM,
PSMC2,P35998,PSMC2,
GJA1,P17302,GJA1,
CYP8B1,Q9UNU6,CYP8B1,
DYSF,O75923,DYSF,
ENG,P17813,ENG,
SASH1,O94885,SASH1,
KIR2DS4,P43632,KIR2DS4,
IL15RA,Q13261,IL15RA,
MST1,P26927,MST1,
KATNB1,Q9BVA0,KATNB1,
NRXN2,P58401,NRXN2,
CBLL1,Q75N03,CBLL1,
CFH,P08603,CFH,
ADRA2B,P18089,ADRA2B,
TJAP1,Q5JTD0,TJAP1,
TRIM27,P14373,TRIM27,
ANTXR2,P58335,ANTXR2,
MAD1L1,Q9Y6D9,MAD1L1,
NKIRAS1,Q9NYS0,NKIRAS1,
LGMN,Q99538,LGMN,
CD82,P27701,CD82,
PTEN,P60484,PTEN,
FTL,P02792,FTL,
PSMC5,P62195,PSMC5,
NFASC,O94856,NFASC,
PPT1,P50897,PPT1,
CTSE,P14091,CTSE,
SPAST,Q9UBP0,SPAST,
LPAR3,Q9UBY5,LPAR3,
CHI3L1,P36222,CHI3L1,
ATP7A,Q04656,ATP7A,
VIM,P08670,VIM,
CALCR,P30988,CALCR,
KITLG,P21583,KITLG,
CTNNB1,P35222,CTNNB1,
RPS6KB1,P23443,RPS6KB1,
TIMP3,P35625,TIMP3,
ACR,P10323,ACR,
ZDHHC16,Q969W1,ZDHHC16,
DOCK5,Q9H7D0,DOCK5,
POMC,P01189,POMC,
KREMEN2,Q8NCW0,KREMEN2,
USP30,Q70CQ3,USP30,
ADAM19,Q9H013,ADAM19,
SH3BP1,Q9Y3L3,SH3BP1,
GLG1,Q92896,GLG1,
DIS3,Q9Y2L1,DIS3,
UGT8,Q16880,UGT8,
EPPK1,P58107,EPPK1,
MMP15,P51511,MMP15,
EDNRA,P25101,EDNRA,
RLN2,P04090,RLN2,
HAX1,O00165,HAX1,
TRIP6,Q15654,TRIP6,
ASAP3,Q8TDY4,ASAP3,
FZD6,O60353,FZD6,
TP53RK,Q96S44,TP53RK,
SMURF1,Q9HCE7,SMURF1,
COL9A1,P20849,COL9A1,
SEMA4F,O95754,SEMA4F,
SKAP1,Q86WV1,SKAP1,
DOCK1,Q14185,DOCK1,
ALPP,P05187,ALPP,
MGAT4C,Q9UBM8,MGAT4C,
CUZD1,Q86UP6,CUZD1,
CLEC5A,Q9NY25,CLEC5A,
BACE2,Q9Y5Z0,BACE2,
HFE,Q30201,HFE,
GPR15,P49685,GPR15,
XYLT2,Q9H1B5,XYLT2,
WNT16,Q9UBV4,WNT16,
MARCH4,Q9P2E8,MARCH4,
GDPD2,Q9HCC8,GDPD2,
CASP4,P49662,CASP4,
SNX13,Q9Y5W8,SNX13,
STAB2,Q8WWQ8,STAB2,
S1PR1,P21453,S1PR1,
SFTPA2,Q8IWL1,SFTPA2,
COL4A3,Q01955,COL4A3,
PKN2,Q16513,PKN2,
COL7A1,Q02388,COL7A1,
CYP11A1,P05108,CYP11A1,
PSENEN,Q9NZ42,PSENEN,
CHRNA7,P36544,CHRNA7,
TNN,Q9UQP3,TNN,
MTNR1B,P49286,MTNR1B,
VCAM1,P19320,VCAM1,
KCNJ8,Q15842,KCNJ8,
CPB2,Q96IY4,CPB2,
OR1F12,Q8NHA8,OR1F12,
DUSP21,Q9H596,DUSP21,
CELA1,Q9UNI1,CELA1,
SVEP1,Q4LDE5,SVEP1,
GNAI2,P04899,GNAI2,
OSCAR,Q8IYS5,OSCAR,
FOXA1,P55317,FOXA1,
MMP11,P24347,MMP11,
GREM2,Q9H772,GREM2,
TNFRSF1A,P19438,TNFRSF1A,
PTPN1,P18031,PTPN1,
FARSA,Q9Y285,FARSA,
FUT2,Q10981,FUT2,
IL18R1,Q13478,IL18R1,
CARTPT,Q16568,CARTPT,
EFNA2,O43921,EFNA2,
PSEN2,P49810,PSEN2,
PRKD1,Q15139,PRKD1,
ARRDC3,Q96B67,ARRDC3,
PSEN1,P49768,PSEN1,
MMP26,Q9NRE1,MMP26,
RAP2B,P61225,RAP2B,
TNF,P01375,TNF,
ICAM2,P13598,ICAM2,
P2RY11,Q96G91,P2RY11,
CD47,Q08722,CD47,
GPR3,P46089,GPR3,
ZNRF4,Q8WWF5,ZNRF4,
PLD1,Q13393,PLD1,
EFNB2,P52799,EFNB2,
TOR1B,O14657,TOR1B,
CHMP1A,Q9HD42,CHMP1A,
ZP3,P21754,ZP3,
GABBR1,Q9UBS5,GABBR1,
PRTN3,P24158,PRTN3,
DYNLL2,Q96FJ2,DYNLL2,
TAOK3,Q9H2K8,TAOK3,
ALG2,Q9H553,ALG2,
PLAU,P00749,PLAU,
UNC5CL,Q8IV45,UNC5CL,
PLPP2,O43688,PLPP2,
ANXA4,P09525,ANXA4,
PTPN3,P26045,PTPN3,
PCDH17,O14917,PCDH17,
RAB13,P51153,RAB13,
PSME3,P61289,PSME3,
FKBP15,Q5T1M5,FKBP15,
PHEX,P78562,PHEX,
ZMIZ1,Q9ULJ6,ZMIZ1,
KLK1,P06870,KLK1,
P2RX1,P51575,P2RX1,
CASS4,Q9NQ75,CASS4,
ROBO1,Q9Y6N7,ROBO1,
COL5A3,P25940,COL5A3,
CD200R1,Q8TD46,CD200R1,
IFNAR2,P48551,IFNAR2,
VASH2,Q86V25,VASH2,
OLFM4,Q6UX06,OLFM4,
WISP1,O95388,WISP1,
STK17B,O94768,STK17B,
PCDHA12,Q9UN75,PCDHA12,
TIRAP,P58753,TIRAP,
UBE2D3,P61077,UBE2D3,
DLG3,Q92796,DLG3,
SORBS1,Q9BX66,SORBS1,
CD40LG,P29965,CD40LG,
IL10RB,Q08334,IL10RB,
PMVK,Q15126,PMVK,
ERG28,Q9UKR5,ERG28,
GJB1,P08034,GJB1,
ADCYAP1,P18509,ADCYAP1,
PIM1,P11309,PIM1,
MID2,Q9UJV3,MID2,
NISCH,Q9Y2I1,NISCH,
KLK7,P49862,KLK7,
ORM1,P02763,ORM1,
FICD,Q9BVA6,FICD,
IGHD,P01880,IGHD,
COL4A1,P02462,COL4A1,
CTSD,P07339,CTSD,
GAL,P22466,GAL,
LRFN2,Q9ULH4,LRFN2,
CD2,P06729,CD2,
PRSS2,P07478,PRSS2,
ATP6AP2,O75787,ATP6AP2,
ADAMTS12,P58397,ADAMTS12,
ADCY1,Q08828,ADCY1,
GPRC5C,Q9NQ84,GPRC5C,
CAMK1G,Q96NX5,CAMK1G,
COL8A1,P27658,COL8A1,
EPGN,Q6UW88,EPGN,
SLC3A1,Q07837,SLC3A1,
LDHB,P07195,LDHB,
ICOSLG,O75144,ICOSLG,
NOD2,Q9HC29,NOD2,
SCN1B,Q07699,SCN1B,
DSCAM,O60469,DSCAM,
HCFC1,P51610,HCFC1,
CHD4,Q14839,CHD4,
ANXA13,P27216,ANXA13,
LILRB1,Q8NHL6,LILRB1,
APH1B,Q8WW43,APH1B,
IAPP,P10997,IAPP,
RSPO3,Q9BXY4,RSPO3,
PKP1,Q13835,PKP1,
HES1,Q14469,HES1,
PKMYT1,Q99640,PKMYT1,
AIMP1,Q12904,AIMP1,
CD99,P14209,CD99,
DSG3,P32926,DSG3,
AKT1,P31749,AKT1,
KLRC4,O43908,KLRC4,
PDPK1,O15530,PDPK1,
CD5L,O43866,CD5L,
SORCS1,Q8WY21,SORCS1,
SNX6,Q9UNH7,SNX6,
DPT,Q07507,DPT,
TGM1,P22735,TGM1,
IGHV3-33,P01772,IGHV3-33,
CD27,P26842,CD27,
AIP,O00170,AIP,
CLIC1,O00299,CLIC1,
CNTN3,Q9P232,CNTN3,
SIGLEC9,Q9Y336,SIGLEC9,
GDF7,Q7Z4P5,GDF7,
SLC3A2,P08195,SLC3A2,
NLGN3,Q9NZ94,NLGN3,
KCNJ3,P48549,KCNJ3,
FGF16,O43320,FGF16,
ITGA2B,P08514,ITGA2B,
MUC1,P15941,MUC1,
DOK7,Q18PE1,DOK7,
CSN2,P05814,CSN2,
PAPPA2,Q9BXP8,PAPPA2,
ANKRD28,O15084,ANKRD28,
GPLD1,P80108,GPLD1,
NTNG2,Q96CW9,NTNG2,
PIP4K2B,P78356,PIP4K2B,
NFAT5,O94916,NFAT5,
RGS14,O43566,RGS14,
PI4K2A,Q9BTU6,PI4K2A,
KLK2,P20151,KLK2,
KDR,P35968,KDR,
FXYD1,O00168,FXYD1,
MT-CO1,P00395,MT-CO1,
AGTR2,P50052,AGTR2,
CDHR2,Q9BYE9,CDHR2,
SLC52A2,Q9HAB3,SLC52A2,
PYGM,P11217,PYGM,
ACVRL1,P37023,ACVRL1,
WNT8B,Q93098,WNT8B,
TNK1,Q13470,TNK1,
PLXNA3,P51805,PLXNA3,
CTTN,Q14247,CTTN,
LRRC8D,Q7L1W4,LRRC8D,
SOCS7,O14512,SOCS7,
PRDX1,Q06830,PRDX1,
TGFA,P01135,TGFA,
UBC,P0CG48,UBC,
TJP3,O95049,TJP3,
CNN3,Q15417,CNN3,
GRK1,Q15835,GRK1,
PRKCZ,Q05513,PRKCZ,
MAPK8IP3,Q9UPT6,MAPK8IP3,
LMTK2,Q8IWU2,LMTK2,
FADS2,O95864,FADS2,
OMG,P23515,OMG,
KLK9,Q9UKQ9,KLK9,
KIR3DS1,Q14943,KIR3DS1,
IL7,P13232,IL7,
CAT,P04040,CAT,
RGS7,P49802,RGS7,
LTB,Q06643,LTB,
CHRNA4,P43681,CHRNA4,
YTHDF2,Q9Y5A9,YTHDF2,
SIGLEC6,O43699,SIGLEC6,
SELE,P16581,SELE,
DNAH5,Q8TE73,DNAH5,
LBP,P18428,LBP,
AGPAT2,O15120,AGPAT2,
CYBB,P04839,CYBB,
GPRC5B,Q9NZH0,GPRC5B,
PTGER4,P35408,PTGER4,
CNTN6,Q9UQ52,CNTN6,
ITGB6,P18564,ITGB6,
EXT2,Q93063,EXT2,
CA2,P00918,CA2,
RNF139,Q8WU17,RNF139,
CRHR2,Q13324,CRHR2,
CSF1R,P07333,CSF1R,
GRIA1,P42261,GRIA1,
ANG,P03950,ANG,
CA9,Q16790,CA9,
RAPGEF6,Q8TEU7,RAPGEF6,
CASR,P41180,CASR,
PTPRR,Q15256,PTPRR,
BEX3,Q00994,BEX3,
NTF3,P20783,NTF3,
RAB27A,P51159,RAB27A,
MSLN,Q13421,MSLN,
MDN1,Q9NU22,MDN1,
KTN1,Q86UP2,KTN1,
SNAI2,O43623,SNAI2,
TPTE,P56180,TPTE,
PTP4A3,O75365,PTP4A3,
STEAP4,Q687X5,STEAP4,
GUCY2D,Q02846,GUCY2D,
RGCC,Q9H4X1,RGCC,
ZAP70,P43403,ZAP70,
ZNF598,Q86UK7,ZNF598,
TRAF3,Q13114,TRAF3,
DPEP1,P16444,DPEP1,
PSMC6,P62333,PSMC6,
JOSD1,Q15040,JOSD1,
CATSPER1,Q8NEC5,CATSPER1,
GALNT1,Q10472,GALNT1,
SERPINE2,P07093,SERPINE2,
SENP2,Q9HC62,SENP2,
GPM6B,Q13491,GPM6B,
KIR2DL5A,Q8N109,KIR2DL5A,
IGHA1,P01876,IGHA1,
IL22RA1,Q8N6P7,IL22RA1,
STYK1,Q6J9G0,STYK1,
RHOA,P61586,RHOA,
MCM3,P25205,MCM3,
BST1,Q10588,BST1,
LBR,Q14739,LBR,
TOR1A,O14656,TOR1A,
PLIN5,Q00G26,PLIN5,
MARCH9,Q86YJ5,MARCH9,
TNFRSF4,P43489,TNFRSF4,
C1RL,Q9NZP8,C1RL,
B2M,P61769,B2M,
ABCF1,Q8NE71,ABCF1,
MLNR,O43193,MLNR,
CARD16,Q5EG05,CARD16,
CALM3,P0DP25,CALM3,
ZDHHC23,Q8IYP9,ZDHHC23,
MEPE,Q9NQ76,MEPE,
ECH1,Q13011,ECH1,
PDLIM5,Q96HC4,PDLIM5,
EDIL3,O43854,EDIL3,
FEZ1,Q99689,FEZ1,
STX4,Q12846,STX4,
KCNH1,O95259,KCNH1,
VRK2,Q86Y07,VRK2,
PSMA3,P25788,PSMA3,
PSMD2,Q13200,PSMD2,
MMP17,Q9ULZ9,MMP17,
MAP3K11,Q16584,MAP3K11,
RBP3,P10745,RBP3,
LAMB1,P07942,LAMB1,
RAD50,Q92878,RAD50,
GAD1,Q99259,GAD1,
APC2,O95996,APC2,
KIDINS220,Q9ULH0,KIDINS220,
NT5C3A,Q9H0P0,NT5C3A,
ACTN4,O43707,ACTN4,
WWP1,Q9H0M0,WWP1,
PPP2R5E,Q16537,PPP2R5E,
YBX3,P16989,YBX3,
LGR5,O75473,LGR5,
PRKG1,Q13976,PRKG1,
PLPPR3,Q6T4P5,PLPPR3,
CXCR2,P25025,CXCR2,
ANGPTL4,Q9BY76,ANGPTL4,
PIK3CG,P48736,PIK3CG,
NME4,O00746,NME4,
LOXHD1,Q8IVV2,LOXHD1,
QSOX1,O00391,QSOX1,
PXN,P49023,PXN,
PPP3CA,Q08209,PPP3CA,
CD4,P01730,CD4,
PARP3,Q9Y6F1,PARP3,
PRKCD,Q05655,PRKCD,
MAPK8IP1,Q9UQF2,MAPK8IP1,
STXBP5,Q5T5C0,STXBP5,
LAMB3,Q13751,LAMB3,
CD226,Q15762,CD226,
SCN5A,Q14524,SCN5A,
EFTUD2,Q15029,EFTUD2,
MPZL2,O60487,MPZL2,
HLTF,Q14527,HLTF,
LGALS3,P17931,LGALS3,
TUBB6,Q9BUF5,TUBB6,
CAND1,Q86VP6,CAND1,
HCN1,O60741,HCN1,
ELOVL7,A1L3X0,ELOVL7,
ERRFI1,Q9UJM3,ERRFI1,
CTSA,P10619,CTSA,
RAB1B,Q9H0U4,RAB1B,
NOD1,Q9Y239,NOD1,
CEMIP,Q8WUJ3,CEMIP,
CYBRD1,Q53TN4,CYBRD1,
GNAS,Q5JWF2,GNAS,
STEAP1,Q9UHE8,STEAP1,
MT3,P25713,MT3,
CYP1A1,P04798,CYP1A1,
CYP21A2,P08686,CYP21A2,
ZNRF3,Q9ULT6,ZNRF3,
NT5E,P21589,NT5E,
ASIP,P42127,ASIP,
CMA1,P23946,CMA1,
HAS3,O00219,HAS3,
MARK1,Q9P0L2,MARK1,
DDT,P30046,DDT,
DDX58,O95786,DDX58,
FASTKD2,Q9NYY8,FASTKD2,
MYO1G,B0I1T2,MYO1G,
JAM3,Q9BX67,JAM3,
ADIPOR2,Q86V24,ADIPOR2,
CLEC6A,Q6EIG7,CLEC6A,
PSME2,Q9UL46,PSME2,
ACSL4,O60488,ACSL4,
FCGR2B,P31994,FCGR2B,
SGK1,O00141,SGK1,
RND1,Q92730,RND1,
PDIA2,Q13087,PDIA2,
USP8,P40818,USP8,
VAMP2,P63027,VAMP2,
OAS1,P00973,OAS1,
PCSK6,P29122,PCSK6,
RHOT2,Q8IXI1,RHOT2,
GCNT1,Q02742,GCNT1,
PLXNA1,Q9UIW2,PLXNA1,
PPP1R9B,Q96SB3,PPP1R9B,
PCDH11X,Q9BZA7,PCDH11X,
HIP1R,O75146,HIP1R,
UBR3,Q6ZT12,UBR3,
SOCS6,O14544,SOCS6,
PALM,O75781,PALM,
CD1B,P29016,CD1B,
MTCL1,Q9Y4B5,MTCL1,
MYO19,Q96H55,MYO19,
FOXA2,Q9Y261,FOXA2,
DBNL,Q9UJU6,DBNL,
SCP2,P22307,SCP2,
UGT1A10,Q9HAW8,UGT1A10,
CD37,P11049,CD37,
RAD1,O60671,RAD1,
C3AR1,Q16581,C3AR1,
MUL1,Q969V5,MUL1,
RAB22A,Q9UL26,RAB22A,
F10,P00742,F10,
SERPINB3,P29508,SERPINB3,
CCKBR,P32239,CCKBR,
FPR1,P21462,FPR1,
GAL3ST1,Q99999,GAL3ST1,
CAMP,P49913,CAMP,
SPARC,P09486,SPARC,
C1QTNF1,Q9BXJ1,C1QTNF1,
MCM7,P33993,MCM7,
SYMPK,Q92797,SYMPK,
SERPINA5,P05154,SERPINA5,
TTR,P02766,TTR,
LRRC7,Q96NW7,LRRC7,
IGKC,P01834,IGKC,
DAO,P14920,DAO,
ACY3,Q96HD9,ACY3,
CDH11,P55287,CDH11,
FASN,P49327,FASN,
IL27,Q8NEV9,IL27,
FBXO45,P0C2W1,FBXO45,
UBE2B,P63146,UBE2B,
AMBP,P02760,AMBP,
KCNV2,Q8TDN2,KCNV2,
PYCARD,Q9ULZ3,PYCARD,
CYP3A4,P08684,CYP3A4,
ESR1,P03372,ESR1,
EPHA8,P29322,EPHA8,
S1PR5,Q9H228,S1PR5,
GAL3ST4,Q96RP7,GAL3ST4,
TRO,Q12816,TRO,
TAZ,Q16635,TAZ,
PLA2G10,O15496,PLA2G10,
TUBB4A,P04350,TUBB4A,
ACP4,Q9BZG2,ACP4,
ARHGAP10,A1A4S6,ARHGAP10,
PKD1,P98161,PKD1,
GRIA4,P48058,GRIA4,
MBOAT2,Q6ZWT7,MBOAT2,
IBSP,P21815,IBSP,
SAA4,P35542,SAA4,
COL14A1,Q05707,COL14A1,
MTMR4,Q9NYA4,MTMR4,
MGST1,P10620,MGST1,
TELO2,Q9Y4R8,TELO2,
TIGIT,Q495A1,TIGIT,
ADAMTS1,Q9UHI8,ADAMTS1,
BST2,Q10589,BST2,
MAP2K5,Q13163,MAP2K5,
PRDX4,Q13162,PRDX4,
RNF213,Q63HN8,RNF213,
TMEM8B,A6NDV4,TMEM8B,
RALB,P11234,RALB,
DNM1L,O00429,DNM1L,
SDC4,P31431,SDC4,
EFNA5,P52803,EFNA5,
FGF7,P21781,FGF7,
ADD2,P35612,ADD2,
MT-ND5,P03915,MT-ND5,
FUT9,Q9Y231,FUT9,
LEP,P41159,LEP,
TNS1,Q9HBL0,TNS1,
PRKCG,P05129,PRKCG,
IL18,Q14116,IL18,
ADA,P00813,ADA,
SPN,P16150,SPN,
CPM,P14384,CPM,
P2RX4,Q99571,P2RX4,
IL24,Q13007,IL24,
XXYLT1,Q8NBI6,XXYLT1,
SLC7A8,Q9UHI5,SLC7A8,
P4HA2,O15460,P4HA2,
PSMD3,O43242,PSMD3,
ADAMTSL2,Q86TH1,ADAMTSL2,
SIRPG,Q9P1W8,SIRPG,
CD200,P41217,CD200,
COL11A1,P12107,COL11A1,
PDIA3,P30101,PDIA3,
PTGFR,P43088,PTGFR,
PCCB,P05166,PCCB,
NPRL2,Q8WTW4,NPRL2,
MAPK8,P45983,MAPK8,
CTSZ,Q9UBR2,CTSZ,
PLA2G4D,Q86XP0,PLA2G4D,
OSMR,Q99650,OSMR,
SAA1,P0DJI8,SAA1,
CCDC80,Q76M96,CCDC80,
CSH1,P0DML2,CSH1,
KANK1,Q14678,KANK1,
RAET1E,Q8TD07,RAET1E,
FCGRT,P55899,FCGRT,
LRP6,O75581,LRP6,
SASH3,O75995,SASH3,
SERPINB8,P50452,SERPINB8,
DCTN1,Q14203,DCTN1,
CYB561,P49447,CYB561,
REN,P00797,REN,
CLEC7A,Q9BXN2,CLEC7A,
CRHR1,P34998,CRHR1,
WNT8A,Q9H1J5,WNT8A,
HMGCR,P04035,HMGCR,
PSMC4,P43686,PSMC4,
TMIGD2,Q96BF3,TMIGD2,
FBXL2,Q9UKC9,FBXL2,
RNF183,Q96D59,RNF183,
CYP11B2,P19099,CYP11B2,
SIPA1,Q96FS4,SIPA1,
CADM1,Q9BY67,CADM1,
DPM2,O94777,DPM2,
SETX,Q7Z333,SETX,
SPOCK1,Q08629,SPOCK1,
PLXND1,Q9Y4D7,PLXND1,
TRIM23,P36406,TRIM23,
OGFR,Q9NZT2,OGFR,
EBI3,Q14213,EBI3,
MCOLN1,Q9GZU1,MCOLN1,
ARL4D,P49703,ARL4D,
STEAP3,Q658P3,STEAP3,
GAD2,Q05329,GAD2,
IL10RA,Q13651,IL10RA,
STK38L,Q9Y2H1,STK38L,
NDUFS4,O43181,NDUFS4,
ROBO4,Q8WZ75,ROBO4,
OSTF1,Q92882,OSTF1,
SERPINB4,P48594,SERPINB4,
SI,P14410,SI,
ARG1,P05089,ARG1,
CHRNA1,P02708,CHRNA1,
CYP2C18,P33260,CYP2C18,
ADRA2C,P18825,ADRA2C,
TNKS2,Q9H2K2,TNKS2,
EPX,P11678,EPX,
KCNA4,P22459,KCNA4,
AJAP1,Q9UKB5,AJAP1,
INPP5B,P32019,INPP5B,
PTPN23,Q9H3S7,PTPN23,
PROS1,P07225,PROS1,
VCL,P18206,VCL,
DKK1,O94907,DKK1,
SPINT2,O43291,SPINT2,
P2RY2,P41231,P2RY2,
AMOT,Q4VCS5,AMOT,
ASIC2,Q16515,ASIC2,
PLA2G2D,Q9UNK4,PLA2G2D,
MPP7,Q5T2T1,MPP7,
RGS17,Q9UGC6,RGS17,
TRIM38,O00635,TRIM38,
LIFR,P42702,LIFR,
FABP3,P05413,FABP3,
DDX55,Q8NHQ9,DDX55,
ACER3,Q9NUN7,ACER3,
RIT2,Q99578,RIT2,
RUVBL1,Q9Y265,RUVBL1,
ARL1,P40616,ARL1,
IYD,Q6PHW0,IYD,
CSF1,P09603,CSF1,
TLR1,Q15399,TLR1,
KEL,P23276,KEL,
ANXA1,P04083,ANXA1,
ICAM4,Q14773,ICAM4,
TTK,P33981,TTK,
XDH,P47989,XDH,
F2RL3,Q96RI0,F2RL3,
RSPO4,Q2I0M5,RSPO4,
STAT3,P40763,STAT3,
SLC12A1,Q13621,SLC12A1,
BCAR3,O75815,BCAR3,
KDM3A,Q9Y4C1,KDM3A,
FGF23,Q9GZV9,FGF23,
PTPRN,Q16849,PTPRN,
TRPM4,Q8TD43,TRPM4,
COMP,P49747,COMP,
FDFT1,P37268,FDFT1,
RRAD,P55042,RRAD,
SLC7A10,Q9NS82,SLC7A10,
PTGER1,P34995,PTGER1,
RNASEK,Q6P5S7,RNASEK,
GABRA1,P14867,GABRA1,
PF4,P02776,PF4,
PXK,Q7Z7A4,PXK,
EZR,P15311,EZR,
LXN,Q9BS40,LXN,
PTK2,Q05397,PTK2,
RNF122,Q9H9V4,RNF122,
SHMT2,P34897,SHMT2,
RPS2,P15880,RPS2,
DUSP11,O75319,DUSP11,
COL6A2,P12110,COL6A2,
PHLPP2,Q6ZVD8,PHLPP2,
NDUFV2,P19404,NDUFV2,
PICALM,Q13492,PICALM,
ABCD1,P33897,ABCD1,
GRIN3B,O60391,GRIN3B,
GDF6,Q6KF10,GDF6,
SCNN1B,P51168,SCNN1B,
LIPC,P11150,LIPC,
RNLS,Q5VYX0,RNLS,
GALR1,P47211,GALR1,
RHBDL2,Q9NX52,RHBDL2,
SLIT2,O94813,SLIT2,
TRPC4,Q9UBN4,TRPC4,
F13B,P05160,F13B,
CP,P00450,CP,
DGAT2,Q96PD7,DGAT2,
RIMS2,Q9UQ26,RIMS2,
XYLT1,Q86Y38,XYLT1,
LTBP1,Q14766,LTBP1,
RAB2B,Q8WUD1,RAB2B,
ADAMTS9,Q9P2N4,ADAMTS9,
DPP6,P42658,DPP6,
PTHLH,P12272,PTHLH,
ADAM11,O75078,ADAM11,
FGF5,P12034,FGF5,
SPRED2,Q7Z698,SPRED2,
SHANK1,Q9Y566,SHANK1,
MARCH1,Q8TCQ1,MARCH1,
GIT2,Q14161,GIT2,
ABR,Q12979,ABR,
OPRK1,P41145,OPRK1,
MYO9A,B2RTY4,MYO9A,
CD74,P04233,CD74,
LAIR1,Q6GTX8,LAIR1,
AIG1,Q9NVV5,AIG1,
STIM1,Q13586,STIM1,
THBS2,P35442,THBS2,
ATP1B3,P54709,ATP1B3,
TIE1,P35590,TIE1,
HSD17B4,P51659,HSD17B4,
PNPT1,Q8TCS8,PNPT1,
CFLAR,O15519,CFLAR,
CTSB,P07858,CTSB,
TRIM69,Q86WT6,TRIM69,
CD81,P60033,CD81,
MBOAT7,Q96N66,MBOAT7,
NPFFR2,Q9Y5X5,NPFFR2,
ADCYAP1R1,P41586,ADCYAP1R1,
PRKCI,P41743,PRKCI,
PCDH7,O60245,PCDH7,
TAX1BP3,O14907,TAX1BP3,
ADRB1,P08588,ADRB1,
SQLE,Q14534,SQLE,
ASIC1,P78348,ASIC1,
NOL3,O60936,NOL3,
AGO2,Q9UKV8,AGO2,
ANKLE2,Q86XL3,ANKLE2,
DNAJC15,Q9Y5T4,DNAJC15,
MFAP2,P55001,MFAP2,
TBXA2R,P21731,TBXA2R,
PRKDC,P78527,PRKDC,
ADCY5,O95622,ADCY5,
ROR2,Q01974,ROR2,
VPS25,Q9BRG1,VPS25,
NAB2,Q15742,NAB2,
EFNB1,P98172,EFNB1,
INHBE,P58166,INHBE,
ERO1A,Q96HE7,ERO1A,
CXCL9,Q07325,CXCL9,
RAC2,P15153,RAC2,
COX15,Q7KZN9,COX15,
KLK8,O60259,KLK8,
WNT7A,O00755,WNT7A,
RECQL4,O94761,RECQL4,
PMCH,P20382,PMCH,
PCDH1,Q08174,PCDH1,
HGF,P14210,HGF,
P2RX3,P56373,P2RX3,
NDUFS3,O75489,NDUFS3,
FKBP4,Q02790,FKBP4,
EFNB3,Q15768,EFNB3,
CNTNAP4,Q9C0A0,CNTNAP4,
CNTF,P26441,CNTF,
GDF2,Q9UK05,GDF2,
GNG13,Q9P2W3,GNG13,
PILRA,Q9UKJ1,PILRA,
CKB,P12277,CKB,
SPOCK2,Q92563,SPOCK2,
TRPC5,Q9UL62,TRPC5,
COL2A1,P02458,COL2A1,
ABCD3,P28288,ABCD3,
SEMA3E,O15041,SEMA3E,
PSTPIP1,O43586,PSTPIP1,
TLN1,Q9Y490,TLN1,
PMPCA,Q10713,PMPCA,
PNKD,Q8N490,PNKD,
ILVBL,A1L0T0,ILVBL,
TMEM129,A0AVI4,TMEM129,
GRIK3,Q13003,GRIK3,
KCNQ3,O43525,KCNQ3,
SLC37A4,O43826,SLC37A4,
SPRY2,O43597,SPRY2,
EEF2,P13639,EEF2,
CD151,P48509,CD151,
TNFRSF6B,O95407,TNFRSF6B,
GNG12,Q9UBI6,GNG12,
CTPS1,P17812,CTPS1,
NRP1,O14786,NRP1,
RNF26,Q9BY78,RNF26,
PARD6A,Q9NPB6,PARD6A,
HHIPL2,Q6UWX4,HHIPL2,
MT-CYB,P00156,MT-CYB,
PGAM1,P18669,PGAM1,
SCYL2,Q6P3W7,SCYL2,
FCRL3,Q96P31,FCRL3,
PPP5C,P53041,PPP5C,
RIC1,Q4ADV7,RIC1,
TOR1AIP1,Q5JTV8,TOR1AIP1,
SDC3,O75056,SDC3,
C1QBP,Q07021,C1QBP,
IL17RE,Q8NFR9,IL17RE,
CLCA4,Q14CN2,CLCA4,
SEMA3G,Q9NS98,SEMA3G,
XCL1,P47992,XCL1,
PROC,P04070,PROC,
RET,P07949,RET,
RAB3A,P20336,RAB3A,
MST1R,Q04912,MST1R,
SLC37A1,P57057,SLC37A1,
PLXNB1,O43157,PLXNB1,
TPH2,Q8IWU9,TPH2,
GALK1,P51570,GALK1,
GPER1,Q99527,GPER1,
TH,P07101,TH,
SPECC1L,Q69YQ0,SPECC1L,
CDCP1,Q9H5V8,CDCP1,
GPNMB,Q14956,GPNMB,
TINAG,Q9UJW2,TINAG,
RAB10,P61026,RAB10,
PSMB2,P49721,PSMB2,
APCS,P02743,APCS,
ENO1,P06733,ENO1,
AQR,O60306,AQR,
FERMT1,Q9BQL6,FERMT1,
GALNT2,Q10471,GALNT2,
INSL6,Q9Y581,INSL6,
PODXL2,Q9NZ53,PODXL2,
ACSL6,Q9UKU0,ACSL6,
GORASP1,Q9BQQ3,GORASP1,
ARL6IP5,O75915,ARL6IP5,
SMARCA4,P51532,SMARCA4,
SIGLEC12,Q96PQ1,SIGLEC12,
CST6,Q15828,CST6,
CNP,P09543,CNP,
ARL8B,Q9NVJ2,ARL8B,
JAK2,O60674,JAK2,
SEMA4D,Q92854,SEMA4D,
NCR3,O14931,NCR3,
PI4KA,P42356,PI4KA,
TMPRSS11D,O60235,TMPRSS11D,
FZD7,O75084,FZD7,
RNF13,O43567,RNF13,
NAXE,Q8NCW5,NAXE,
REG3A,Q06141,REG3A,
TNFRSF25,Q93038,TNFRSF25,
MARCH3,Q86UD3,MARCH3,
ARHGAP5,Q13017,ARHGAP5,
ACADVL,P49748,ACADVL,
SERPINB5,P36952,SERPINB5,
MACF1,Q9UPN3,MACF1,
AGPAT4,Q9NRZ5,AGPAT4,
DNAJC10,Q8IXB1,DNAJC10,
SIRPB1,Q5TFQ8,SIRPB1,
SCRIB,Q14160,SCRIB,
GFRA4,Q9GZZ7,GFRA4,
HERC2,O95714,HERC2,
CRB1,P82279,CRB1,
SELP,P16109,SELP,
RAVER1,Q8IY67,RAVER1,
EBPL,Q9BY08,EBPL,
SLU7,O95391,SLU7,
MTCH1,Q9NZJ7,MTCH1,
RHOC,P08134,RHOC,
GAST,P01350,GAST,
CYTH2,Q99418,CYTH2,
IPO5,O00410,IPO5,
F2RL2,O00254,F2RL2,
ARAP1,Q96P48,ARAP1,
UGT1A7,Q9HAW7,UGT1A7,
ANGPT2,O15123,ANGPT2,
MAGI3,Q5TCQ9,MAGI3,
EPHA7,Q15375,EPHA7,
UQCRC1,P31930,UQCRC1,
RALBP1,Q15311,RALBP1,
ATP4B,P51164,ATP4B,
TJP2,Q9UDY2,TJP2,
PLA2G2A,P14555,PLA2G2A,
GPC4,O75487,GPC4,
CHRND,Q07001,CHRND,
AGER,Q15109,AGER,
NEU4,Q8WWR8,NEU4,
MAP3K12,Q12852,MAP3K12,
CDKN2A,P42771,CDKN2A,
SLC6A3,Q01959,SLC6A3,
PLP1,P60201,PLP1,
RXFP4,Q8TDU9,RXFP4,
LTBP4,Q8N2S1,LTBP4,
LRP1,Q07954,LRP1,
CSH2,P0DML3,CSH2,
IRAK3,Q9Y616,IRAK3,
CLEC4A,Q9UMR7,CLEC4A,
SELENON,Q9NZV5,SELENON,
KISS1,Q15726,KISS1,
FGF22,Q9HCT0,FGF22,
UTRN,P46939,UTRN,
LRFN1,Q9P244,LRFN1,
CASP14,P31944,CASP14,
PKD2L1,Q9P0L9,PKD2L1,
ADAMTS16,Q8TE57,ADAMTS16,
PDE10A,Q9Y233,PDE10A,
PTPRU,Q92729,PTPRU,
NTNG1,Q9Y2I2,NTNG1,
WLS,Q5T9L3,WLS,
TGFB2,P61812,TGFB2,
FBLIM1,Q8WUP2,FBLIM1,
TRIM8,Q9BZR9,TRIM8,
COX5B,P10606,COX5B,
CAMK1D,Q8IU85,CAMK1D,
EPHA4,P54764,EPHA4,
CGA,P01215,CGA,
FZR1,Q9UM11,FZR1,
SLC26A3,P40879,SLC26A3,
AKAP5,P24588,AKAP5,
HPR,P00739,HPR,
MCM4,P33991,MCM4,
CTSG,P08311,CTSG,
PRDX2,P32119,PRDX2,
FAP,Q12884,FAP,
CA12,O43570,CA12,
RELL1,Q8IUW5,RELL1,
PRKX,P51817,PRKX,
IGHMBP2,P38935,IGHMBP2,
PPIC,P45877,PPIC,
CILP,O75339,CILP,
TMEM219,Q86XT9,TMEM219,
HPGDS,O60760,HPGDS,
ACTN1,P12814,ACTN1,
PRKN,O60260,PRKN,
PPP1R16B,Q96T49,PPP1R16B,
IL34,Q6ZMJ4,IL34,
APMAP,Q9HDC9,APMAP,
CNTFR,P26992,CNTFR,
CYP4F8,P98187,CYP4F8,
PIGU,Q9H490,PIGU,
ATP5F1E,P56381,ATP5F1E,
CHPT1,Q8WUD6,CHPT1,
IGF1R,P08069,IGF1R,
ITGA1,P56199,ITGA1,
TNFRSF17,Q02223,TNFRSF17,
MINK1,Q8N4C8,MINK1,
FUCA2,Q9BTY2,FUCA2,
RPH3A,Q9Y2J0,RPH3A,
INHA,P05111,INHA,
LGALS1,P09382,LGALS1,
PYY,P10082,PYY,
LNPEP,Q9UIQ6,LNPEP,
CD96,P40200,CD96,
WNT5B,Q9H1J7,WNT5B,
PTPRN2,Q92932,PTPRN2,
PRKCB,P05771,PRKCB,
IGFBP7,Q16270,IGFBP7,
CTNNA2,P26232,CTNNA2,
LAMA3,Q16787,LAMA3,
SYTL2,Q9HCH5,SYTL2,
COL16A1,Q07092,COL16A1,
LSR,Q86X29,LSR,
ZDHHC2,Q9UIJ5,ZDHHC2,
PLB1,Q6P1J6,PLB1,
CPN1,P15169,CPN1,
MT-ND3,P03897,MT-ND3,
KLK4,Q9Y5K2,KLK4,
SSTR2,P30874,SSTR2,
RAB33A,Q14088,RAB33A,
PTGER2,P43116,PTGER2,
GGT1,P19440,GGT1,
ENOX2,Q16206,ENOX2,
MTNR1A,P48039,MTNR1A,
LRRC8C,Q8TDW0,LRRC8C,
AP3D1,O14617,AP3D1,
EHD2,Q9NZN4,EHD2,
ADORA1,P30542,ADORA1,
TPSAB1,Q15661,TPSAB1,
PTP4A1,Q93096,PTP4A1,
SYK,P43405,SYK,
CTRL,P40313,CTRL,
BAIAP2L1,Q9UHR4,BAIAP2L1,
SDR16C5,Q8N3Y7,SDR16C5,
RGS19,P49795,RGS19,
KIT,P10721,KIT,
CAMK2B,Q13554,CAMK2B,
GRM7,Q14831,GRM7,
LPAR1,Q92633,LPAR1,
ACTC1,P68032,ACTC1,
KIR2DS1,Q14954,KIR2DS1,
FSHR,P23945,FSHR,
ACHE,P22303,ACHE,
AMHR2,Q16671,AMHR2,
XRCC5,P13010,XRCC5,
SLC25A5,P05141,SLC25A5,
PIK3R6,Q5UE93,PIK3R6,
PZP,P20742,PZP,
APOC3,P02656,APOC3,
DNAJA2,O60884,DNAJA2,
KIR2DL4,Q99706,KIR2DL4,
IL16,Q14005,IL16,
SLC25A3,Q00325,SLC25A3,
WNT9B,O14905,WNT9B,
FRS2,Q8WU20,FRS2,
SERPIND1,P05546,SERPIND1,
CPVL,Q9H3G5,CPVL,
FOLH1,Q04609,FOLH1,
PYGB,P11216,PYGB,
CLDN3,O15551,CLDN3,
ADAP2,Q9NPF8,ADAP2,
CDK14,O94921,CDK14,
NDUFA12,Q9UI09,NDUFA12,
CAP1,Q01518,CAP1,
CCL3L3,P16619,CCL3L3,
MATN1,P21941,MATN1,
CORO2A,Q92828,CORO2A,
MAN2A2,P49641,MAN2A2,
PKD1L1,Q8TDX9,PKD1L1,
CD8A,P01732,CD8A,
MFSD12,Q6NUT3,MFSD12,
SCG2,P13521,SCG2,
LEFTY1,O75610,LEFTY1,
ABCA2,Q9BZC7,ABCA2,
MYO5A,Q9Y4I1,MYO5A,
KIRREL1,Q96J84,KIRREL1,
MUC16,Q8WXI7,MUC16,
PARVA,Q9NVD7,PARVA,
ADCY2,Q08462,ADCY2,
HLA-DMB,P28068,HLA-DMB,
HLA-DRB1,P04229,HLA-DRB1,
POMT1,Q9Y6A1,POMT1,
CD59,P13987,CD59,
LEF1,Q9UJU2,LEF1,
NRG1,Q02297,NRG1,
HTR1B,P28222,HTR1B,
FCN1,O00602,FCN1,
HYAL3,O43820,HYAL3,
STX1A,Q16623,STX1A,
RYR1,P21817,RYR1,
WIF1,Q9Y5W5,WIF1,
DNAJB6,O75190,DNAJB6,
KCNQ5,Q9NR82,KCNQ5,
EMILIN1,Q9Y6C2,EMILIN1,
RSU1,Q15404,RSU1,
HSPA14,Q0VDF9,HSPA14,
MS4A4A,Q96JQ5,MS4A4A,
RAF1,P04049,RAF1,
PTPRS,Q13332,PTPRS,
TFRC,P02786,TFRC,
RHAG,Q02094,RHAG,
KIF3B,O15066,KIF3B,
ACP5,P13686,ACP5,
RPL11,P62913,RPL11,
TNFSF18,Q9UNG2,TNFSF18,
MYO18A,Q92614,MYO18A,
P2RY6,Q15077,P2RY6,
SLC45A4,Q5BKX6,SLC45A4,
ADRA1B,P35368,ADRA1B,
IGHG4,P01861,IGHG4,
MDK,P21741,MDK,
C1R,P00736,C1R,
HEXB,P07686,HEXB,
ACVR1,Q04771,ACVR1,
PNLIPRP2,P54317,PNLIPRP2,
CD2AP,Q9Y5K6,CD2AP,
ITCH,Q96J02,ITCH,
PLCH1,Q4KWH8,PLCH1,
NPFF,O15130,NPFF,
GUCA2B,Q16661,GUCA2B,
MTMR3,Q13615,MTMR3,
PIP5K1C,O60331,PIP5K1C,
PIK3CD,O00329,PIK3CD,
DLG1,Q12959,DLG1,
FLNA,P21333,FLNA,
CYP4A11,Q02928,CYP4A11,
LHB,P01229,LHB,
P2RY12,Q9H244,P2RY12,
SPHK1,Q9NYA1,SPHK1,
TNFRSF21,O75509,TNFRSF21,
VAV2,P52735,VAV2,
FLT1,P17948,FLT1,
RAB29,O14966,RAB29,
WNT2,P09544,WNT2,
SMOC1,Q9H4F8,SMOC1,
HLA-B,Q31612,HLA-B,
AQP1,P29972,AQP1,
LMTK3,Q96Q04,LMTK3,
SEPT2,Q15019,SEPT2,
INPPL1,O15357,INPPL1,
EPB42,P16452,EPB42,
ANPEP,P15144,ANPEP,
CCT4,P50991,CCT4,
TF,P02787,TF,
NPVF,Q9HCQ7,NPVF,
CACNG7,P62955,CACNG7,
ADAM22,Q9P0K1,ADAM22,
RASL11B,Q9BPW5,RASL11B,
KCNK2,O95069,KCNK2,
GREM1,O60565,GREM1,
DTX1,Q86Y01,DTX1,
HCN2,Q9UL51,HCN2,
KANSL3,Q9P2N6,KANSL3,
CD300LD,Q6UXZ3,CD300LD,
ABCG5,Q9H222,ABCG5,
NNT,Q13423,NNT,
THEM4,Q5T1C6,THEM4,
FGFBP1,Q14512,FGFBP1,
DSG1,Q02413,DSG1,
CXCL14,O95715,CXCL14,
PSAP,P07602,PSAP,
CYP2C19,P33261,CYP2C19,
RC3H2,Q9HBD1,RC3H2,
CDH1,P12830,CDH1,
DUSP10,Q9Y6W6,DUSP10,
IL13RA1,P78552,IL13RA1,
FZD2,Q14332,FZD2,
CHRM4,P08173,CHRM4,
GNL2,Q13823,GNL2,
NDUFS6,O75380,NDUFS6,
HHLA2,Q9UM44,HHLA2,
TNFSF13B,Q9Y275,TNFSF13B,
EIF3F,O00303,EIF3F,
ARHGAP45,Q92619,ARHGAP45,
STT3B,Q8TCJ2,STT3B,
DKK2,Q9UBU2,DKK2,
TRPC6,Q9Y210,TRPC6,
BTLA,Q7Z6A9,BTLA,
NDUFB8,O95169,NDUFB8,
CPT1A,P50416,CPT1A,
GNAZ,P19086,GNAZ,
LRP1B,Q9NZR2,LRP1B,
TLR10,Q9BXR5,TLR10,
BRAF,P15056,BRAF,
PROZ,P22891,PROZ,
SEMG1,P04279,SEMG1,
ARHGAP26,Q9UNA1,ARHGAP26,
ST8SIA4,Q92187,ST8SIA4,
BYSL,Q13895,BYSL,
ATG5,Q9H1Y0,ATG5,
CRP,P02741,CRP,
TNFRSF12A,Q9NP84,TNFRSF12A,
COPA,P53621,COPA,
OSM,P13725,OSM,
PDK1,Q15118,PDK1,
CSF2RA,P15509,CSF2RA,
IL17RD,Q8NFM7,IL17RD,
SERINC5,Q86VE9,SERINC5,
FPR3,P25089,FPR3,
DGKD,Q16760,DGKD,
LTBR,P36941,LTBR,
IL1RAP,Q9NPH3,IL1RAP,
ITGAX,P20702,ITGAX,
ANK3,Q12955,ANK3,
CYP2C8,P10632,CYP2C8,
TRAF4,Q9BUZ4,TRAF4,
ASPH,Q12797,ASPH,
RELT,Q969Z4,RELT,
PPP1CA,P62136,PPP1CA,
CD1C,P29017,CD1C,
EPHA10,Q5JZY3,EPHA10,
GRM3,Q14832,GRM3,
